id,nct_id,agency_class,lead_or_collaborator,name,new_class
6407204,NCT00209235,OTHER,lead,Connecticut Children's Medical Center,Health care Institution
6285268,NCT05024929,OTHER,lead,Children's Hospital of Philadelphia,Health care Institution
6488482,NCT01141309,OTHER,lead,Memorial Sloan Kettering Cancer Center,Health care Institution
6488818,NCT01145040,OTHER,lead,Ruhr University of Bochum,Health care Institution
6407205,NCT00209235,OTHER,collaborator,Johns Hopkins University,University
6407206,NCT00209235,OTHER,collaborator,"Hugo W. Moser Research Institute at Kennedy Krieger, Inc.",Industry
6407207,NCT00209235,OTHER,collaborator,UConn Health,Other
6407208,NCT00209235,NIH,collaborator,Eunice Kennedy Shriver National Institute of Child Health and Human Development (NICHD),Government Agency
6126982,NCT03029429,OTHER,lead,Vanderbilt University Medical Center,Health care Institution
6126983,NCT03029429,OTHER,collaborator,Harvard University,University
6436724,NCT03841617,NIH,lead,National Institute of Diabetes and Digestive and Kidney Diseases (NIDDK),Government Agency
6425547,NCT00415233,OTHER,lead,"University College, London",University
6436169,NCT04583735,INDUSTRY,lead,"Horizon Therapeutics USA, Inc.",Industry
6435795,NCT04969926,NIH,lead,National Institute of Diabetes and Digestive and Kidney Diseases (NIDDK),Government Agency
6435835,NCT04927416,NIH,lead,National Institute of Diabetes and Digestive and Kidney Diseases (NIDDK),Government Agency
6437647,NCT01660984,NIH,lead,National Cancer Institute (NCI),Government Agency
6437080,NCT03157128,INDUSTRY,lead,"Loxo Oncology, Inc.",Industry
6437081,NCT03157128,INDUSTRY,collaborator,Eli Lilly and Company,Other
6440221,NCT00556530,OTHER,lead,Albert Einstein College of Medicine,Other
6437937,NCT00342446,NIH,lead,National Cancer Institute (NCI),Government Agency
6438171,NCT00001242,NIH,lead,National Institute of Diabetes and Digestive and Kidney Diseases (NIDDK),Government Agency
6438187,NCT00001160,NIH,lead,National Institute of Diabetes and Digestive and Kidney Diseases (NIDDK),Government Agency
6438188,NCT00001159,NIH,lead,National Institute of Diabetes and Digestive and Kidney Diseases (NIDDK),Government Agency
6437810,NCT01109420,NIH,lead,National Institute of Diabetes and Digestive and Kidney Diseases (NIDDK),Government Agency
6437832,NCT01005654,NIH,lead,National Cancer Institute (NCI),Government Agency
6440222,NCT00556530,NIH,collaborator,"National Heart, Lung, and Blood Institute (NHLBI)",Other
6443073,NCT00591032,OTHER,lead,Ruhr University of Bochum,Health care Institution
6443074,NCT00591032,UNKNOWN,collaborator,Wissenschaftskommission des Universitaetsklinikums Bergmannsheil,Other
6443075,NCT00591032,UNKNOWN,collaborator,Private Sponsor (Chantal C. Guilhemotonia-Urban),Other
6655268,NCT04137185,INDUSTRY,lead,"Suzhou Zelgen Biopharmaceuticals Co.,Ltd",Industry
6128526,NCT03013257,OTHER,lead,The University of Hong Kong,University
6655937,NCT04129281,OTHER,lead,"National Cancer Institute, Naples",Government Agency
6656148,NCT04126954,OTHER,lead,Hospices Civils de Lyon,Health care Institution
6221848,NCT05124938,OTHER,lead,Sohag University,University
6003693,NCT03960554,OTHER,lead,"Thomas Nickolas, MD MS",Other
6209329,NCT03713671,OTHER,lead,Recep Tayyip Erdogan University Training and Research Hospital,Health care Institution
6209330,NCT03713671,OTHER,collaborator,Hacettepe University,University
6209331,NCT03713671,OTHER_GOV,collaborator,Ankara Education and Research Hospital,Health care Institution
6005179,NCT03942380,OTHER,lead,Christian von Buchwald,Other
6005180,NCT03942380,OTHER,collaborator,"Copenhagen University Hospital, Denmark",Health care Institution
6005181,NCT03942380,UNKNOWN,collaborator,"Department of Otorhinolaryngology, Head and Neck Surgery and Audiology",Other
6005610,NCT03937349,OTHER,lead,"Saint Petersburg State University, Russia",University
6003711,NCT03960437,OTHER,lead,"Thomas Nickolas, MD MS",Other
6006078,NCT03932487,OTHER,lead,Xiaomei Zhang,Other
6258111,NCT04745793,OTHER,lead,IHU Strasbourg,Other
6006627,NCT03926585,OTHER,lead,Birte Nygaard,Other
6133334,NCT02966405,OTHER,lead,Xiaomei Zhang,Other
6499198,NCT01263951,OTHER,lead,Thomas Jefferson University,University
6499199,NCT01263951,INDUSTRY,collaborator,Bayer,Other
6499200,NCT01263951,INDUSTRY,collaborator,Novartis Pharmaceuticals,Other
6008468,NCT03905369,OTHER,lead,Radboud University Medical Center,Health care Institution
6008469,NCT03905369,OTHER,collaborator,Dutch Cancer Society,Other
6007072,NCT03922087,OTHER,lead,Sun Yat-sen University,University
6007073,NCT03922087,UNKNOWN,collaborator,Huizhou No.1 Maternal and Child Care Service Cencer,Other
6015609,NCT03822507,INDUSTRY,lead,"Kyowa Kirin Co., Ltd.",Industry
6014913,NCT03830242,OTHER,lead,"Fifth Affiliated Hospital, Sun Yat-Sen University",Health care Institution
6015525,NCT03823859,OTHER,lead,"University Hospital, Basel, Switzerland",Health care Institution
6015526,NCT03823859,OTHER,collaborator,ETH Zurich,Other
6009149,NCT03896958,INDUSTRY,lead,SpeciCare,Other
6009150,NCT03896958,OTHER,collaborator,Georgia Institute of Technology,Other
6009151,NCT03896958,UNKNOWN,collaborator,Predictive Oncology,Other
6009152,NCT03896958,OTHER,collaborator,University of Washington,University
6009153,NCT03896958,UNKNOWN,collaborator,Netnoids,Other
6009154,NCT03896958,UNKNOWN,collaborator,Northeast Georgia Hospital System,Health care Institution
6010801,NCT03878953,INDUSTRY,lead,Shire,Other
6015610,NCT03822507,INDUSTRY,collaborator,"Kyowa Hakko Kirin China Pharmaceutical Co., LTD.",Industry
6015611,NCT03822507,INDUSTRY,collaborator,"Kyowa Kirin Korea Co., Ltd.",Industry
6016386,NCT03813706,OTHER,lead,Zhejiang University,University
6084423,NCT03435952,INDUSTRY,collaborator,Merck Sharp & Dohme Corp.,Other
6076331,NCT03517579,OTHER,lead,Johns Hopkins University,University
6084421,NCT03435952,OTHER,lead,M.D. Anderson Cancer Center,Health care Institution
6084422,NCT03435952,INDUSTRY,collaborator,"BioMed Valley Discoveries, Inc",Other
6016454,NCT03813173,OTHER,lead,Zhejiang University,University
6016817,NCT03808779,OTHER,lead,"Second Affiliated Hospital, School of Medicine, Zhejiang University",Health care Institution
6076536,NCT03515863,OTHER,lead,Sun Yat-sen University,University
6020683,NCT03765333,OTHER,lead,Grupo Espanol de Tumores Neuroendocrinos,Other
6026338,NCT05175404,OTHER,lead,"University Hospital, Ghent",Health care Institution
6258589,NCT04739566,OTHER,lead,"Saint Petersburg State University, Russia",University
6025012,NCT03718403,OTHER,lead,Massachusetts General Hospital,Health care Institution
6024432,NCT03724188,OTHER,lead,Mansoura General Hospital,Health care Institution
6026514,NCT05102292,INDUSTRY,lead,Shanghai Henlius Biotech,Other
6027927,NCT04579757,INDUSTRY,lead,Hutchison Medipharma Limited,Other
6027178,NCT05299632,OTHER,lead,Emory University,University
6026751,NCT04693377,OTHER,lead,M.D. Anderson Cancer Center,Health care Institution
6027928,NCT04579757,INDUSTRY,collaborator,BeiGene,Other
6258999,NCT04734457,OTHER,lead,Ain Shams University,University
6028441,NCT03484884,OTHER,lead,Memorial Sloan Kettering Cancer Center,Health care Institution
6028823,NCT02568267,INDUSTRY,lead,Hoffmann-La Roche,Other
6260022,NCT04552769,OTHER,lead,Stanford University,University
6259854,NCT04701203,INDUSTRY,lead,Ascendis Pharma Bone Diseases A/S,Other
6260049,NCT04514484,NIH,lead,National Cancer Institute (NCI),Government Agency
6028974,NCT02143726,OTHER,lead,Alliance for Clinical Trials in Oncology,Other
6028975,NCT02143726,NIH,collaborator,National Cancer Institute (NCI),Government Agency
6028976,NCT02143726,INDUSTRY,collaborator,Novartis,Other
6029364,NCT00673010,OTHER,lead,Memorial Sloan Kettering Cancer Center,Health care Institution
6029365,NCT00673010,OTHER,collaborator,"Gustave Roussy, Cancer Campus, Grand Paris",Health care Institution
6259906,NCT04644315,INDUSTRY,lead,Hoffmann-La Roche,Other
6030125,NCT05276063,INDUSTRY,lead,"VasaraGen, Inc.",Industry
6030040,NCT03162627,OTHER,lead,M.D. Anderson Cancer Center,Health care Institution
6030041,NCT03162627,INDUSTRY,collaborator,AstraZeneca,Other
6030050,NCT05276856,OTHER,lead,Nova Scotia Health Authority,Other
6029698,NCT04327999,OTHER,lead,Vanderbilt-Ingram Cancer Center,Health care Institution
6030141,NCT05275946,OTHER,lead,Osaka University,University
6030750,NCT03676348,OTHER,lead,Oslo University Hospital,Health care Institution
6030380,NCT05108298,NETWORK,lead,Eastern Cooperative Oncology Group,Other
6030419,NCT05014698,OTHER,lead,Nantes University Hospital,Health care Institution
6078451,NCT03498183,OTHER,lead,Nantes University Hospital,Health care Institution
6032496,NCT04879355,OTHER,lead,Preben Homøe,Other
6032497,NCT04879355,OTHER,collaborator,Herlev Hospital,Health care Institution
6032498,NCT04879355,OTHER,collaborator,"Rigshospitalet, Denmark",Health care Institution
6030848,NCT03196518,OTHER,lead,Memorial Sloan Kettering Cancer Center,Health care Institution
6030875,NCT03085056,OTHER,lead,Memorial Sloan Kettering Cancer Center,Health care Institution
6030876,NCT03085056,INDUSTRY,collaborator,Novartis,Other
6031001,NCT02185560,INDUSTRY,lead,Bayer,Other
6034539,NCT05177939,INDUSTRY,lead,"Nihon Pharmaceutical Co., Ltd",Industry
6032878,NCT02973997,OTHER,lead,Academic and Community Cancer Research United,Other
6032879,NCT02973997,NIH,collaborator,National Cancer Institute (NCI),Government Agency
6032958,NCT05240911,OTHER,lead,"Second Affiliated Hospital, School of Medicine, Zhejiang University",Health care Institution
6034808,NCT05022667,OTHER,lead,University of Michigan,University
6034809,NCT05022667,NIH,collaborator,National Cancer Institute (NCI),Government Agency
6034810,NCT05022667,OTHER,collaborator,Vanderbilt University,University
6034811,NCT05022641,OTHER,lead,University of Michigan,University
6034812,NCT05022641,NIH,collaborator,National Cancer Institute (NCI),Government Agency
6034813,NCT05022641,OTHER,collaborator,Vanderbilt University,University
6035324,NCT04463719,OTHER,lead,University of Florida,University
6035111,NCT04684953,OTHER,lead,Assiut University,University
6035325,NCT04463719,NIH,collaborator,National Cancer Institute (NCI),Government Agency
6036800,NCT05189314,OTHER,lead,Columbia University,University
6036024,NCT03570021,OTHER,lead,"Gustave Roussy, Cancer Campus, Grand Paris",Health care Institution
6037024,NCT04971473,INDUSTRY,lead,"Suzhou Zelgen Biopharmaceuticals Co.,Ltd",Industry
6037025,NCT04964284,INDUSTRY,lead,"Suzhou Zelgen Biopharmaceuticals Co.,Ltd",Industry
6209837,NCT04731467,INDUSTRY,lead,Famewave Ltd.,Industry
6037442,NCT03375359,OTHER,lead,University Hospital Tuebingen,Health care Institution
6037447,NCT03309384,OTHER,lead,"Central Hospital, Nancy, France",Health care Institution
6209838,NCT04731467,INDUSTRY,collaborator,Bristol-Myers Squibb,Other
6039719,NCT04856488,OTHER,lead,Jan Calissendorff,Other
6039524,NCT05132478,OTHER,lead,"University of Wisconsin, Madison",University
6039525,NCT05132478,NIH,collaborator,National Cancer Institute (NCI),Government Agency
6039526,NCT05132478,OTHER,collaborator,University of Michigan,University
6037717,NCT05189821,OTHER,lead,Columbia University,University
6037718,NCT05189808,OTHER,lead,Columbia University,University
6037729,NCT05186883,OTHER_GOV,lead,Institute of Biophysics and Cell Engineering of National Academy of Sciences of Belarus,Other
6037730,NCT05186883,OTHER,collaborator,Belarusian State Medical University,University
6037993,NCT04471597,OTHER_GOV,lead,Zagazig University,University
6038727,NCT04467021,NETWORK,lead,ECOG-ACRIN Cancer Research Group,Other
6038728,NCT04467021,NIH,collaborator,National Cancer Institute (NCI),Government Agency
6084762,NCT03432299,OTHER,lead,Seoul National University Hospital,Health care Institution
6041541,NCT03440697,OTHER,lead,Indiana University,University
6040911,NCT05199103,OTHER,lead,Medical University of Silesia,University
6041275,NCT04560127,OTHER,lead,Peking Union Medical College Hospital,Health care Institution
6041137,NCT05007093,OTHER,lead,Yansong Lin,Other
6041740,NCT00169806,OTHER,lead,Indiana Kidney Stone Institute,Other
6041741,NCT00169806,OTHER,collaborator,Indiana University School of Medicine,University
6041742,NCT00169806,OTHER,collaborator,University of Chicago,University
6135939,NCT02938702,OTHER,lead,Seoul National University Hospital,Health care Institution
6043623,NCT04351945,OTHER,lead,Semmelweis University Heart and Vascular Center,University
6043624,NCT04351945,OTHER,collaborator,Semmelweis University,University
6044289,NCT02628067,INDUSTRY,lead,Merck Sharp & Dohme Corp.,Other
6045320,NCT03215095,OTHER,lead,Memorial Sloan Kettering Cancer Center,Health care Institution
6045321,NCT03215095,INDUSTRY,collaborator,AstraZeneca,Other
6045322,NCT03215095,INDUSTRY,collaborator,MedImmune LLC,Other
6045499,NCT05214274,OTHER,lead,Peking University,University
6045500,NCT05214274,OTHER,collaborator,Peking Union Medical College Hospital,Health care Institution
6045501,NCT05214274,OTHER,collaborator,Shanghai 6th People's Hospital,Health care Institution
6045502,NCT05214274,OTHER,collaborator,First Hospital of China Medical University,Health care Institution
6045503,NCT05214274,OTHER,collaborator,Central South University,University
6045504,NCT05214274,OTHER,collaborator,"First Affiliated Hospital, Sun Yat-Sen University",Health care Institution
6045505,NCT05214274,OTHER,collaborator,West China Hospital,Health care Institution
6045506,NCT05214274,OTHER,collaborator,First Affiliated Hospital of Xinjiang Medical University,Health care Institution
6046407,NCT04639388,OTHER,lead,Hôpital le Vinatier,Other
6046585,NCT04373226,OTHER,lead,Hôpital le Vinatier,Other
6046697,NCT04136912,OTHER,lead,UNC Lineberger Comprehensive Cancer Center,Health care Institution
6046698,NCT04136912,NIH,collaborator,National Cancer Institute (NCI),Government Agency
6047289,NCT01723202,OTHER,lead,Manisha Shah,Other
6047290,NCT01723202,NETWORK,collaborator,National Comprehensive Cancer Network,Other
6081136,NCT03469011,OTHER,lead,AHS Cancer Control Alberta,Other
6081137,NCT03469011,OTHER,collaborator,Alberta Cancer Foundation,Other
6041710,NCT01552434,OTHER,lead,M.D. Anderson Cancer Center,Health care Institution
6041711,NCT01552434,NIH,collaborator,National Cancer Institute (NCI),Government Agency
6042031,NCT04922801,OTHER,lead,King's College London,Other
6042032,NCT04922801,OTHER,collaborator,Guy's and St Thomas' NHS Foundation Trust,Other
6045065,NCT04509011,OTHER,lead,Region Skane,Other
6045066,NCT04509011,OTHER,collaborator,Haukeland University Hospital,Health care Institution
6045067,NCT04509011,OTHER,collaborator,Jagiellonian University,University
6045068,NCT04509011,OTHER,collaborator,"Sahlgrenska University Hospital, Sweden",Health care Institution
6045069,NCT04509011,OTHER,collaborator,Hospital Rudolfstiftung,Health care Institution
6045366,NCT02867592,NIH,lead,National Cancer Institute (NCI),Government Agency
6046156,NCT04952493,OTHER,lead,Peking Union Medical College Hospital,Health care Institution
6046157,NCT04952493,INDUSTRY,collaborator,"Chia Tai Tianqing Pharmaceutical Group Co., Ltd.",Industry
6046308,NCT04742959,INDUSTRY,lead,"TransThera Sciences (Nanjing), Inc.",Industry
6047341,NCT05216718,OTHER,lead,Inje University,University
6260560,NCT03866382,NIH,lead,National Cancer Institute (NCI),Government Agency
6048117,NCT05218395,OTHER,lead,Qianfoshan Hospital,Health care Institution
6048118,NCT05218395,OTHER_GOV,collaborator,Chinese Academy of Sciences,Other
6048903,NCT03924804,OTHER,lead,"China Medical University, China",University
6049989,NCT04776993,OTHER,lead,University of Pisa,University
6049426,NCT05221008,INDUSTRY,lead,"Shanghai Hengrui Pharmaceutical Co., Ltd.",Industry
6050842,NCT02947035,OTHER,lead,University of Pittsburgh,University
6050451,NCT04061980,OTHER,lead,Providence Health & Services,Other
6211476,NCT05096195,OTHER,lead,"Western University, Canada",University
6144119,NCT02886949,OTHER,lead,Taichung Veterans General Hospital,Health care Institution
6209899,NCT04472026,OTHER,lead,University of Florida,University
6209900,NCT04472026,NIH,collaborator,National Cancer Institute (NCI),Government Agency
6140433,NCT04019379,OTHER,lead,University of Minnesota,University
6140434,NCT04019379,OTHER,collaborator,Indiana University,University
6145781,NCT02869620,OTHER,lead,Institut Paoli-Calmettes,Other
6145919,NCT02868476,OTHER,lead,National Taiwan University Hospital,Health care Institution
6211477,NCT05096195,UNKNOWN,collaborator,ICES,Other
6211478,NCT05096195,OTHER,collaborator,Academic Medical Organization of Southwestern Ontario,Other
6211479,NCT05096195,OTHER,collaborator,Western University,University
6211480,NCT05096195,OTHER,collaborator,The Kidney Foundation of Canada,Other
6148884,NCT04400474,OTHER,lead,Grupo Espanol de Tumores Neuroendocrinos,Other
6148450,NCT05242055,OTHER,lead,Capital Medical University,University
6211700,NCT04747275,OTHER,lead,Children's Mercy Hospital Kansas City,Health care Institution
6148885,NCT04400474,INDUSTRY,collaborator,Ipsen,Other
6148886,NCT04400474,INDUSTRY,collaborator,Roche Pharma AG,Other
6212481,NCT03646383,OTHER,lead,"University Hospital, Toulouse",Health care Institution
6211824,NCT04233398,INDUSTRY,lead,Theraclion,Other
6149818,NCT02839655,OTHER,lead,"Gustave Roussy, Cancer Campus, Grand Paris",Health care Institution
6056820,NCT03657654,OTHER,lead,University of Virginia,University
6058397,NCT03643081,OTHER,lead,Nantes University Hospital,Health care Institution
6154639,NCT02789800,OTHER,lead,Université de Sherbrooke,Other
6154640,NCT02789800,OTHER_GOV,collaborator,Canadian Institutes of Health Research (CIHR),Other
6154641,NCT02789800,OTHER,collaborator,"Western University, Canada",University
6154642,NCT02789800,OTHER,collaborator,Agence de la Sante et des Services Sociaux du Saguenay-Lac-Saint-Jean,Other
6058399,NCT03643055,OTHER,lead,University Medical Centre Ljubljana,University
6058400,NCT03643055,OTHER,collaborator,Institute of Oncology Ljubljana,Other
6158781,NCT02747888,OTHER,lead,Dana-Farber Cancer Institute,Health care Institution
6058751,NCT03639662,OTHER,lead,Assistance Publique Hopitaux De Marseille,Health care Institution
6163032,NCT05260255,OTHER_GOV,lead,Rajavithi Hospital,Health care Institution
6060053,NCT03624751,OTHER,lead,Taichung Veterans General Hospital,Health care Institution
6162119,NCT02713269,OTHER,lead,M.D. Anderson Cancer Center,Health care Institution
6162120,NCT02713269,NIH,collaborator,National Cancer Institute (NCI),Government Agency
6162834,NCT05264857,OTHER,lead,Stony Brook University,University
6159337,NCT02742597,OTHER,lead,Lawson Health Research Institute,Other
6159338,NCT02742597,OTHER,collaborator,"Western University, Canada",University
6159339,NCT02742597,OTHER,collaborator,Université de Sherbrooke,Other
6159340,NCT02742597,OTHER_GOV,collaborator,Canadian Institutes of Health Research (CIHR),Other
6159341,NCT02742597,OTHER,collaborator,Sunnybrook Health Sciences Centre,Other
6159342,NCT02742597,OTHER,collaborator,Unity Health Toronto,Other
6159343,NCT02742597,OTHER,collaborator,"University Health Network, Toronto",University
6159344,NCT02742597,OTHER,collaborator,Michael Garron Hospital,Health care Institution
6159345,NCT02742597,OTHER,collaborator,Providence Healthcare,Other
6159346,NCT02742597,OTHER,collaborator,"Mount Sinai Hospital, Canada",Health care Institution
6159347,NCT02742597,OTHER,collaborator,Toronto Central Community Care Access Centre,Other
6159348,NCT02742597,OTHER,collaborator,Women's College Hospital,Health care Institution
6213810,NCT05103774,OTHER,lead,Sohag University,University
6163508,NCT04948671,OTHER,lead,Centre Hospitalier Universitaire Vaudois,Health care Institution
6163115,NCT05239221,INDUSTRY,lead,Amolyt Pharma,Other
6163509,NCT04948671,OTHER,collaborator,The Novartis Foundation,Other
6164502,NCT03779906,INDUSTRY,lead,"Bracco Diagnostics, Inc",Other
6164371,NCT03931109,OTHER,lead,University of Pennsylvania,University
6164976,NCT02145143,OTHER,lead,Memorial Sloan Kettering Cancer Center,Health care Institution
6164977,NCT02145143,INDUSTRY,collaborator,"Genentech, Inc.",Industry
6214779,NCT02378233,OTHER,lead,Göteborg University,University
6165027,NCT01539486,OTHER,lead,University of Arkansas,University
6165044,NCT01087619,OTHER,lead,Region Skane,Other
6214780,NCT02378233,OTHER,collaborator,"Sahlgrenska University Hospital, Sweden",Health care Institution
6222523,NCT03449108,OTHER,lead,M.D. Anderson Cancer Center,Health care Institution
6222524,NCT03449108,INDUSTRY,collaborator,"Iovance Biotherapeutics, Inc.",Industry
6222525,NCT03449108,NIH,collaborator,National Cancer Institute (NCI),Government Agency
6215125,NCT04104529,OTHER,lead,Institut du Cancer de Montpellier - Val d'Aurelle,Other
6062102,NCT03602261,INDUSTRY,lead,"OPKO Health, Inc.",Industry
6167552,NCT02681328,OTHER,lead,Jonsson Comprehensive Cancer Center,Health care Institution
6222566,NCT03131726,OTHER,lead,Lund University,University
6215176,NCT03676647,OTHER,lead,City of Hope Medical Center,Health care Institution
6215177,NCT03676647,NIH,collaborator,National Cancer Institute (NCI),Government Agency
6182887,NCT04284774,NIH,lead,National Cancer Institute (NCI),Government Agency
6064878,NCT03574051,OTHER,lead,First Affiliated Hospital of Harbin Medical University,Health care Institution
6182522,NCT05270798,OTHER,lead,Cantonal Hospital Zenica,Health care Institution
6215691,NCT04129411,OTHER,lead,Mayo Clinic,Health care Institution
6215710,NCT04031339,OTHER,lead,University of Roma La Sapienza,University
6215711,NCT04031339,UNKNOWN,collaborator,Italian Thyroid Cancer Observatory (ITCO) Foundation,Other
6215712,NCT04031339,OTHER,collaborator,Catholic University of the Sacred Heart,University
6216045,NCT05098600,OTHER_GOV,lead,Faculty Hospital Kralovske Vinohrady,Health care Institution
6178511,NCT02567877,OTHER,lead,"University of Colorado, Denver",University
6178512,NCT02567877,OTHER,collaborator,"Charite University, Berlin, Germany",University
6180948,NCT05225883,OTHER,lead,Hospices Civils de Lyon,Health care Institution
6217790,NCT05117853,OTHER,lead,Onze Lieve Vrouw Hospital,Health care Institution
6194102,NCT01947023,NIH,lead,National Cancer Institute (NCI),Government Agency
6183580,NCT05299437,OTHER,lead,Carlo Chiesa,Other
6183581,NCT05299437,OTHER,collaborator,Associazione Italiana per la Ricerca sul Cancro,Other
6218154,NCT04238624,OTHER,lead,Memorial Sloan Kettering Cancer Center,Health care Institution
6218186,NCT04080505,OTHER,lead,Columbia University,University
6184713,NCT03732495,OTHER,lead,Centre Leon Berard,Health care Institution
6219143,NCT03360890,OTHER,lead,University of Chicago,University
6482563,NCT01074684,OTHER,lead,"National Cancer Institute, Naples",Government Agency
6219354,NCT05112211,OTHER,lead,Sun Yat-sen University,University
6219359,NCT05110040,OTHER,lead,Sun Yat-sen University,University
6218047,NCT04806269,OTHER,lead,Seoul National University Bundang Hospital,Health care Institution
6219030,NCT04224792,OTHER,lead,Mayo Clinic,Health care Institution
6219473,NCT05229341,OTHER,lead,City of Hope Medical Center,Health care Institution
6219474,NCT05229341,NIH,collaborator,National Cancer Institute (NCI),Government Agency
6660434,NCT04076514,OTHER,lead,Assiut University,University
6195534,NCT02430584,INDUSTRY,lead,"Progenity, Inc.",Industry
6261054,NCT03012620,OTHER,lead,UNICANCER,Other
6261055,NCT03012620,OTHER_GOV,collaborator,"National Cancer Institute, France",Government Agency
6261056,NCT03012620,OTHER,collaborator,"Ligue contre le cancer, France",Other
6261057,NCT03012620,INDUSTRY,collaborator,Merck Sharp & Dohme Corp.,Other
6194577,NCT02440581,OTHER,lead,"Hartmut Malluche, MD",Other
6194578,NCT02440581,OTHER,collaborator,Wright State University,University
6194579,NCT02440581,NIH,collaborator,National Institute of Diabetes and Digestive and Kidney Diseases (NIDDK),Government Agency
6219969,NCT04412694,OTHER,lead,Medical University of Lodz,University
6220868,NCT03488134,OTHER,lead,National Taiwan University Hospital,Health care Institution
6660482,NCT04075851,OTHER_GOV,lead,Shandong Provincial Hospital,Health care Institution
6069672,NCT04420754,INDUSTRY,lead,"AffyImmune Therapeutics, Inc.",Industry
6261125,NCT02834013,NIH,lead,National Cancer Institute (NCI),Government Agency
6261365,NCT02152995,NIH,lead,National Cancer Institute (NCI),Government Agency
6200721,NCT02378298,OTHER,lead,Göteborg University,University
6200722,NCT02378298,OTHER,collaborator,"Sahlgrenska University Hospital, Sweden",Health care Institution
6220918,NCT03122496,OTHER,lead,Memorial Sloan Kettering Cancer Center,Health care Institution
6220919,NCT03122496,INDUSTRY,collaborator,AstraZeneca,Other
6264696,NCT04704414,OTHER,lead,University of Zurich,University
6263739,NCT04714918,OTHER,lead,Limeng Chen,Other
6070267,NCT03690388,INDUSTRY,lead,Exelixis,Other
6285445,NCT04683575,OTHER,lead,Qianfoshan Hospital,Health care Institution
6262365,NCT04730726,OTHER,lead,University Medical Center Groningen,Health care Institution
6285667,NCT04161391,INDUSTRY,lead,"Turning Point Therapeutics, Inc.",Industry
6263936,NCT04712760,OTHER,lead,"Central Hospital, Nancy, France",Health care Institution
6268075,NCT04664413,OTHER,lead,University of Salerno,University
6265646,NCT04693936,OTHER,lead,University of Crete,University
6266709,NCT04680650,OTHER,lead,Affiliated Cancer Hospital & Institute of Guangzhou Medical University,Health care Institution
6286374,NCT05280600,OTHER,lead,King's College London,Other
6286375,NCT05280600,OTHER,collaborator,Guy's and St Thomas' NHS Foundation Trust,Other
6286376,NCT05280600,OTHER,collaborator,Action Medical Research,Other
6267973,NCT04666103,OTHER,lead,Wuhan University,University
6267195,NCT04675710,OTHER,lead,M.D. Anderson Cancer Center,Health care Institution
6267477,NCT04671719,OTHER,lead,Hospices Civils de Lyon,Health care Institution
6221171,NCT05103956,OTHER,lead,Fundación Pública Andaluza para la gestión de la Investigación en Sevilla,Other
6268180,NCT04663451,OTHER,lead,Universitair Ziekenhuis Brussel,Health care Institution
6286393,NCT05280379,OTHER,lead,Radboud University Medical Center,Health care Institution
6268560,NCT04658524,OTHER,lead,Rio de Janeiro State University,University
6271266,NCT04624477,OTHER,lead,"University Health Network, Toronto",University
6270670,NCT04632524,OTHER,lead,Fayoum University Hospital,Health care Institution
6286800,NCT05176639,INDUSTRY,lead,"Viridian Therapeutics, Inc.",Industry
6271267,NCT04624477,OTHER,collaborator,University of British Columbia,University
6271268,NCT04624477,OTHER,collaborator,University of Calgary,University
6271269,NCT04624477,OTHER,collaborator,Lawson Health Research Institute,Other
6271270,NCT04624477,OTHER,collaborator,Ottawa Hospital Research Institute,Health care Institution
6271271,NCT04624477,OTHER,collaborator,McMaster University,University
6271272,NCT04624477,OTHER,collaborator,CHU de Quebec-Universite Laval,Health care Institution
6271273,NCT04624477,OTHER,collaborator,Centre hospitalier de l'Université de Montréal (CHUM),Health care Institution
6271274,NCT04624477,OTHER,collaborator,Dalhousie University,University
6271275,NCT04624477,OTHER_GOV,collaborator,Canadian Institutes of Health Research (CIHR),Other
6271276,NCT04624477,OTHER,collaborator,Canadian Cancer Society (CCS),Other
6272043,NCT04615988,OTHER,lead,Icahn School of Medicine at Mount Sinai,Other
6271756,NCT04619316,OTHER,lead,"University Hospital, Essen",Health care Institution
6274622,NCT04585126,OTHER,lead,"University Hospital, Caen",Health care Institution
6274165,NCT04589884,OTHER,lead,IHU Strasbourg,Other
6274166,NCT04589884,OTHER,collaborator,ARC Foundation for Cancer Research,Other
6272108,NCT04614389,OTHER,lead,University of Southern California,University
6272109,NCT04614389,INDUSTRY,collaborator,Siemens Medical Solutions USA - CSG,Other
6272234,NCT04612894,OTHER,lead,Fudan University,University
6272237,NCT04613323,OTHER,lead,Centro Diagnostico Priamar,Other
6274623,NCT04585126,OTHER,collaborator,Centre Francois Baclesse,Health care Institution
6275210,NCT04577664,OTHER,lead,Assiut University,University
6275014,NCT04580199,OTHER,lead,Mahmoud Fahd,Other
6662660,NCT04051099,OTHER,lead,Mahidol University,University
6275489,NCT04574817,INDUSTRY,lead,Taizhou Hanzhong biomedical co. LTD,Industry
6275475,NCT04574947,OTHER,lead,"Saint Petersburg State University, Russia",University
6276201,NCT04564924,OTHER,lead,Tongji Hospital,Health care Institution
6275886,NCT04569513,OTHER,lead,National Taiwan University Hospital,Health care Institution
6277278,NCT04551170,OTHER,lead,Vanderbilt University Medical Center,Health care Institution
6276545,NCT04560426,OTHER,lead,Fudan University,University
6276992,NCT04554680,OTHER,lead,"National University Hospital, Singapore",Health care Institution
6276993,NCT04554680,OTHER,collaborator,Singapore General Hospital,Health care Institution
6276283,NCT04563780,OTHER,lead,Assiut University,University
6663041,NCT04046354,OTHER,lead,Chinese PLA General Hospital,Health care Institution
6277566,NCT04548284,OTHER,lead,Sun Yat-sen University,University
6288099,NCT04040673,OTHER,lead,Gloucestershire Hospitals NHS Foundation Trust,Health care Institution
6287862,NCT04299425,OTHER,lead,Vanderbilt-Ingram Cancer Center,Health care Institution
6287863,NCT04299425,NIH,collaborator,National Cancer Institute (NCI),Government Agency
6287880,NCT04281875,OTHER,lead,Vanderbilt-Ingram Cancer Center,Health care Institution
6287881,NCT04281875,NIH,collaborator,National Cancer Institute (NCI),Government Agency
6278031,NCT04542278,OTHER,lead,"University of Wisconsin, Madison",University
6279426,NCT04305561,OTHER,lead,Odense University Hospital,Health care Institution
6071703,NCT01896479,INDUSTRY,lead,Exelixis,Other
6279411,NCT04447183,INDUSTRY,lead,"Suzhou Zelgen Biopharmaceuticals Co.,Ltd",Industry
6221653,NCT02203682,OTHER,lead,Sun Yat-sen University,University
6289563,NCT05252884,OTHER,lead,Centro de Excelencia en Enfermedades de Cabeza y Cuello,Other
6289564,NCT05252884,UNKNOWN,collaborator,IPS universitaria,Other
6664363,NCT04031638,OTHER,lead,Centre Georges Francois Leclerc,Other
6221760,NCT05126706,OTHER,lead,Seoul National University Hospital,Health care Institution
6288648,NCT03483337,OTHER,lead,Memorial Sloan Kettering Cancer Center,Health care Institution
6288773,NCT03285854,OTHER,lead,Great Ormond Street Hospital for Children NHS Foundation Trust,Health care Institution
6288774,NCT03285854,OTHER,collaborator,University of Kiel,University
6288775,NCT03285854,OTHER,collaborator,"Athens General Children's Hospital ""Pan. & Aglaia Kyriakou""",Health care Institution
6288776,NCT03285854,OTHER,collaborator,Cukurova University,University
6282539,NCT04135573,OTHER_GOV,lead,Shandong Provincial Hospital,Health care Institution
6208579,NCT05088187,OTHER,lead,Karolinska University Hospital,Health care Institution
6221793,NCT05126147,OTHER,lead,National Taiwan University Hospital,Health care Institution
6221795,NCT05126108,OTHER,lead,Assistance Publique - Hôpitaux de Paris,Other
6283463,NCT04013100,OTHER,lead,IHU Strasbourg,Other
6208580,NCT05088187,OTHER,collaborator,The Netherlands Cancer Institute,Other
6664639,NCT04028479,INDUSTRY,lead,Taproot Health,Other
6208880,NCT04988802,OTHER,lead,University Hospital Dubrava,Health care Institution
6209008,NCT04708704,OTHER,lead,Yale University,University
6284397,NCT03884140,OTHER,lead,Assiut University,University
6223492,NCT05130476,OTHER,lead,Odense University Hospital,Health care Institution
6071963,NCT01638533,NIH,lead,National Cancer Institute (NCI),Government Agency
6071964,NCT01638533,INDUSTRY,collaborator,Celgene Corporation,Other
6290453,NCT03037385,INDUSTRY,lead,Hoffmann-La Roche,Other
6292977,NCT04994080,INDUSTRY,lead,"Chengdu Suncadia Medicine Co., Ltd.",Industry
6291833,NCT04462471,OTHER,lead,Memorial Sloan Kettering Cancer Center,Health care Institution
6226450,NCT05228184,INDUSTRY,lead,IBSA Institut Biochimique SA,Other
6293170,NCT04742608,OTHER,lead,Jonsson Comprehensive Cancer Center,Health care Institution
6293199,NCT04708626,OTHER,lead,Uppsala University,University
6293318,NCT04589624,OTHER,lead,M.D. Anderson Cancer Center,Health care Institution
6293319,NCT04589624,NIH,collaborator,National Cancer Institute (NCI),Government Agency
6536534,NCT01611896,OTHER,lead,"Rigshospitalet, Denmark",Health care Institution
6536535,NCT01611896,OTHER,collaborator,Odense University Hospital,Health care Institution
6536536,NCT01611896,OTHER,collaborator,Hospital of South West Denmark,Health care Institution
6536537,NCT01611896,OTHER,collaborator,Herlev Hospital,Health care Institution
6536538,NCT01611896,OTHER,collaborator,Bispebjerg Hospital,Health care Institution
6536539,NCT01611896,OTHER,collaborator,Hvidovre University Hospital,Health care Institution
6536540,NCT01611896,OTHER,collaborator,"Hillerod Hospital, Denmark",Health care Institution
6293754,NCT03892993,OTHER,lead,M.D. Anderson Cancer Center,Health care Institution
6293755,NCT03892993,NIH,collaborator,National Cancer Institute (NCI),Government Agency
6665493,NCT04019509,OTHER,lead,Universitair Ziekenhuis Brussel,Health care Institution
6115335,NCT02012699,OTHER,lead,University of Nebraska,University
6536541,NCT01611896,OTHER,collaborator,"Copenhagen Trial Unit, Center for Clinical Intervention Research",Other
6536542,NCT01611896,OTHER,collaborator,Danish Council for Independent Research,Other
6536543,NCT01611896,OTHER,collaborator,The Danish Council for Strategic Research,Other
6085886,NCT03420963,OTHER,lead,M.D. Anderson Cancer Center,Health care Institution
6085887,NCT03420963,NIH,collaborator,National Cancer Institute (NCI),Government Agency
6086568,NCT03414021,OTHER,lead,Lille Catholic University,University
6088443,NCT03395925,INDUSTRY,lead,Olympus Surgical Technologies Europe,Other
6226451,NCT05228184,INDUSTRY,collaborator,Cromsource,Other
6090314,NCT03377829,OTHER,lead,WeiWei Zhan,Other
6226405,NCT05241834,INDUSTRY,lead,Eli Lilly and Company,Other
6226406,NCT05241834,INDUSTRY,collaborator,"Loxo Oncology, Inc.",Industry
6089877,NCT03382158,OTHER,lead,Children's Hospitals and Clinics of Minnesota,Health care Institution
6089878,NCT03382158,OTHER,collaborator,Children's National Research Institute,Other
6089879,NCT03382158,OTHER,collaborator,Washington University School of Medicine,University
6089880,NCT03382158,UNKNOWN,collaborator,"ResourcePath, LLC",Other
6089881,NCT03382158,OTHER,collaborator,Beijing Children's Hospital,Health care Institution
6089882,NCT03382158,OTHER,collaborator,University of Cambridge,University
6089883,NCT03382158,OTHER,collaborator,Emory University,University
6089884,NCT03382158,OTHER,collaborator,Dana-Farber Cancer Institute,Health care Institution
6226558,NCT05182931,OTHER,lead,Olivia Newton-John Cancer Research Institute,Other
6226559,NCT05182931,OTHER,collaborator,Royal North Shore Hospital,Health care Institution
6226560,NCT05182931,OTHER_GOV,collaborator,Austin Health,Other
6226561,NCT05182931,OTHER,collaborator,Sir Charles Gairdner Hospital,Health care Institution
6226562,NCT05182931,OTHER,collaborator,Monash Health,Other
6226563,NCT05182931,OTHER,collaborator,"Peter MacCallum Cancer Centre, Australia",Other
6226564,NCT05182931,OTHER_GOV,collaborator,Royal Brisbane and Women's Hospital,Health care Institution
6226565,NCT05182931,OTHER,collaborator,Eastern Health,Other
6226566,NCT05182931,OTHER,collaborator,The Alfred,Other
6227501,NCT04647500,OTHER,lead,"University of Geneva, Switzerland",University
6228686,NCT03633708,INDUSTRY,lead,Amgen,Other
6091130,NCT03369405,OTHER,lead,University at Buffalo,University
6506421,NCT05251194,OTHER,lead,Seoul National University Hospital,Health care Institution
6506422,NCT05251194,OTHER,collaborator,SMG-SNU Boramae Medical Center,Health care Institution
6506546,NCT05243979,OTHER,lead,Assiut University,University
6506598,NCT05172921,OTHER,lead,Icahn School of Medicine at Mount Sinai,Other
6228351,NCT03975231,OTHER,lead,City of Hope Medical Center,Health care Institution
6228352,NCT03975231,NIH,collaborator,National Cancer Institute (NCI),Government Agency
6229322,NCT02393690,OTHER,lead,Academic and Community Cancer Research United,Other
6229323,NCT02393690,NIH,collaborator,National Cancer Institute (NCI),Government Agency
6300120,NCT05265819,OTHER,lead,Nabil Mahmoud Ismail Abdel-Aal,Other
6507135,NCT03246958,INDUSTRY,collaborator,Bristol-Myers Squibb,Other
6507134,NCT03246958,OTHER,lead,Dana-Farber Cancer Institute,Health care Institution
6300484,NCT04009291,INDUSTRY,lead,Ascendis Pharma A/S,Other
6507158,NCT03122847,OTHER,lead,Torben Harsløf,Other
6507159,NCT03122847,OTHER,collaborator,Odense University Hospital,Health care Institution
6095484,NCT03324893,OTHER,lead,"University Health Network, Toronto",University
6095485,NCT03324880,INDUSTRY,lead,Shire,Other
6097997,NCT03300284,OTHER,lead,Memorial Sloan Kettering Cancer Center,Health care Institution
6230181,NCT05119296,OTHER,lead,Stanford University,University
6230182,NCT05119296,INDUSTRY,collaborator,Merck Sharp & Dohme Corp.,Other
6544193,NCT05290493,INDUSTRY,lead,"Nobias Therapeutics, Inc.",Industry
6666370,NCT04009863,OTHER,lead,The University of Hong Kong,University
6249886,NCT04846010,OTHER,lead,"All Natural Medicine Clinic, LLC",Other
6249898,NCT04845867,INDUSTRY,lead,ISAR-M GmbH,Other
6249899,NCT04845867,INDUSTRY,collaborator,CRI-The Clinical Research Institute GmbH,Other
6544857,NCT05275374,INDUSTRY,lead,"Xynomic Pharmaceuticals, Inc.",Industry
6545557,NCT05114980,OTHER,lead,University of Alabama at Birmingham,University
6544977,NCT05263141,OTHER,lead,Sun Yat-sen University,University
6099464,NCT03285230,OTHER_GOV,lead,"Institut National de la Santé Et de la Recherche Médicale, France",Other
6546102,NCT04936854,OTHER,lead,Haukeland University Hospital,Health care Institution
6546614,NCT04760288,INDUSTRY,lead,Hoffmann-La Roche,Other
6546033,NCT04970134,OTHER,lead,Grupo Español de Tratamiento de Tumores de Cabeza y Cuello,Other
6668374,NCT03986593,OTHER,lead,Instituto do Cancer do Estado de São Paulo,Other
6668375,NCT03986593,OTHER,collaborator,University of Sao Paulo General Hospital,Health care Institution
6232523,NCT05049603,OTHER,lead,University of Pisa,University
6232524,NCT05049603,OTHER,collaborator,Università degli Studi dell'Insubria,Other
6232525,NCT05049603,OTHER,collaborator,University of Catania,University
6232526,NCT05049603,OTHER,collaborator,University of Messina,University
6099465,NCT03285230,OTHER,collaborator,Université Paris-Sud,Other
6099466,NCT03285230,OTHER,collaborator,"Gustave Roussy, Cancer Campus, Grand Paris",Health care Institution
6099467,NCT03285230,OTHER,collaborator,"Ligue contre le cancer, France",Other
6232971,NCT05043233,OTHER,lead,Shanghai Jiao Tong University School of Medicine,University
6668964,NCT03980132,OTHER,lead,Jesús María Villar del Moral,Other
6250007,NCT04844164,OTHER_GOV,lead,"Endocrinology Research Centre, Moscow",Other
6250008,NCT04844164,UNKNOWN,collaborator,Russian Science Foundation,Other
6669498,NCT03973450,OTHER,lead,Neuromed IRCCS,Other
6669166,NCT03977207,OTHER,lead,"University of California, Irvine",University
6669167,NCT03977207,NIH,collaborator,National Institute of Diabetes and Digestive and Kidney Diseases (NIDDK),Government Agency
6232942,NCT05043584,OTHER,lead,Regional Hospital West Jutland,Health care Institution
6232943,NCT05043584,OTHER,collaborator,Hospital of South West Jutland,Health care Institution
6548418,NCT03872284,OTHER,lead,Hospices Civils de Lyon,Health care Institution
6548609,NCT03757637,OTHER,lead,National Taiwan University Hospital,Health care Institution
6548353,NCT03899792,INDUSTRY,lead,"Loxo Oncology, Inc.",Industry
6548354,NCT03899792,INDUSTRY,collaborator,Eli Lilly and Company,Other
6100556,NCT03274258,OTHER,lead,M.D. Anderson Cancer Center,Health care Institution
6548699,NCT03708627,OTHER,lead,Johns Hopkins University,University
6551410,NCT01704586,OTHER,lead,University of Wuerzburg,University
6551411,NCT01704586,OTHER,collaborator,"Deutsche Krebshilfe e.V., Bonn (Germany)",Other
6549568,NCT02838927,OTHER,lead,European Georges Pompidou Hospital,Health care Institution
6549569,NCT02838927,UNKNOWN,collaborator,Oscar - Filière Santé Maladies Rares,Other
6233422,NCT05036525,INDUSTRY,lead,HAN Biomedical Inc,Other
6551817,NCT01709292,OTHER,lead,M.D. Anderson Cancer Center,Health care Institution
6551818,NCT01709292,INDUSTRY,collaborator,"Genentech, Inc.",Industry
6630469,NCT04424485,OTHER_GOV,lead,Umraniye Education and Research Hospital,Health care Institution
6234255,NCT05025046,INDUSTRY,lead,Rigen Biotech,Other
6234256,NCT05025046,OTHER,collaborator,Tianjin Medical University Cancer Institute and Hospital,Health care Institution
6234257,NCT05025046,OTHER,collaborator,Guangdong Provincial People's Hospital,Health care Institution
6234258,NCT05025046,OTHER,collaborator,RenJi Hospital,Health care Institution
6234259,NCT05025046,OTHER,collaborator,Zhejiang Provincial People's Hospital,Health care Institution
6234260,NCT05025046,OTHER,collaborator,The First People's Hospital of Changzhou,Health care Institution
6234261,NCT05025046,OTHER,collaborator,Shenzhen People's Hospital,Health care Institution
6234262,NCT05025046,OTHER,collaborator,"Zhongshan People's Hospital, Guangdong, China",Health care Institution
6100557,NCT03274258,NIH,collaborator,National Cancer Institute (NCI),Government Agency
6100995,NCT04427904,OTHER,lead,St. Joseph's Healthcare Hamilton,Other
6234631,NCT05019118,INDUSTRY,lead,Cooperativas Lacteas Unidas,Other
6234632,NCT05019118,NETWORK,collaborator,Galician South Health Research Institute,Other
6234788,NCT05017142,OTHER,lead,University of Bern,University
6234789,NCT05017142,UNKNOWN,collaborator,Schweizerische Multiple Sklerose Gesellschaft,Other
6234790,NCT05017142,OTHER,collaborator,"University Hospital Inselspital, Berne",Health care Institution
6234791,NCT05017142,UNKNOWN,collaborator,Roche Pharma (Switzerland) Ltd,Other
6101137,NCT03831620,OTHER,lead,"University Hospital Inselspital, Berne",Health care Institution
6101365,NCT03271892,OTHER,lead,"University Health Network, Toronto",University
6234792,NCT05017142,INDUSTRY,collaborator,Novartis,Other
6234892,NCT05015725,OTHER,lead,Semmelweis University,University
6234859,NCT05016518,OTHER,lead,Gangnam Severance Hospital,Health care Institution
6101366,NCT03271892,OTHER_GOV,collaborator,Ontario Ministry of Health and Long Term Care,Other
6101367,NCT03271892,OTHER,collaborator,Canadian Cancer Society (CCS),Other
6302493,NCT05286801,NIH,lead,National Cancer Institute (NCI),Government Agency
6235246,NCT05012033,OTHER,lead,Imperial College London,Other
6302612,NCT05278364,OTHER,lead,Shouyao Holdings (Beijing) Co. LTD,Industry
6557977,NCT01774279,OTHER_GOV,lead,Velindre NHS Trust,Other
6250147,NCT04842942,OTHER,lead,"University Health Network, Toronto",University
6237901,NCT04976816,OTHER,lead,Assiut University,University
6250170,NCT04842994,OTHER_GOV,lead,Tata Memorial Hospital,Health care Institution
6512684,NCT04598815,OTHER,lead,University of Pisa,University
6103731,NCT03249012,OTHER,lead,CHU de Quebec-Universite Laval,Health care Institution
6513078,NCT01922440,INDUSTRY,lead,Takeda,Other
6513079,NCT01922440,INDUSTRY,collaborator,"Takeda Development Center Americas, Inc.",Industry
6235824,NCT05003856,OTHER,lead,M.D. Anderson Cancer Center,Health care Institution
6104120,NCT03244956,OTHER,lead,"Gustave Roussy, Cancer Campus, Grand Paris",Health care Institution
6303919,NCT00381641,NIH,lead,National Cancer Institute (NCI),Government Agency
6240267,NCT04948437,OTHER,lead,National Taiwan University Hospital,Health care Institution
6631611,NCT04410601,OTHER_GOV,lead,Umraniye Education and Research Hospital,Health care Institution
6239905,NCT04953195,OTHER,lead,Beijing Chao Yang Hospital,Health care Institution
6514884,NCT04662190,UNKNOWN,collaborator,Societat Catalana d'Oftalmologia,Other
6239972,NCT04952012,OTHER,lead,"Second Affiliated Hospital, School of Medicine, Zhejiang University",Health care Institution
6239973,NCT04952012,UNKNOWN,collaborator,First People's Hospital of Yuhang,Health care Institution
6239974,NCT04952012,UNKNOWN,collaborator,Taizhou Women and Children's Hospital Affiliated to Wenzhou Medical University,Health care Institution
6239975,NCT04952012,UNKNOWN,collaborator,Changxing People's Hospital,Health care Institution
6562286,NCT01821781,OTHER,lead,Washington University School of Medicine,University
6642525,NCT04280081,INDUSTRY,lead,"Loxo Oncology, Inc.",Industry
6642526,NCT04280081,INDUSTRY,collaborator,Eli Lilly and Company,Other
6564678,NCT01848171,OTHER_GOV,lead,Shandong Provincial Hospital,Health care Institution
6304150,NCT00390325,NIH,lead,National Cancer Institute (NCI),Government Agency
6514883,NCT04662190,OTHER,lead,Althaia Xarxa Assistencial Universitària de Manresa,Other
6515362,NCT04288115,FED,lead,VA Office of Research and Development,Government Agency
6515363,NCT04288115,FED,collaborator,Central Arkansas Veterans Healthcare System,Other
6515690,NCT04040946,OTHER,lead,Centre Francois Baclesse,Health care Institution
6240436,NCT04946123,INDUSTRY,lead,Lo.Li.Pharma s.r.l,Other
6240714,NCT04942769,OTHER,lead,Beijing Chao Yang Hospital,Health care Institution
6642592,NCT04279184,OTHER,lead,Nykøbing Falster County Hospital,Health care Institution
6240683,NCT04943146,OTHER,lead,"Second Affiliated Hospital, School of Medicine, Zhejiang University",Health care Institution
6240684,NCT04943146,UNKNOWN,collaborator,Ningbo Women and Children's Hospital,Health care Institution
6240685,NCT04943146,UNKNOWN,collaborator,People's Hospital of Jinhua,Health care Institution
6515691,NCT04040946,OTHER,collaborator,Fondation de l'Avenir,Other
6241177,NCT04936698,OTHER,lead,Chang Gung Memorial Hospital,Health care Institution
6642593,NCT04279184,OTHER,collaborator,Region Zealand,Other
6642594,NCT04279184,OTHER,collaborator,Zealand University Hospital,Health care Institution
6642595,NCT04279184,OTHER,collaborator,University of Southern Denmark,University
6304778,NCT00410761,INDUSTRY,lead,"Genzyme, a Sanofi Company",Other
6241582,NCT04931576,OTHER,lead,"Second Affiliated Hospital, School of Medicine, Zhejiang University",Health care Institution
6516455,NCT03170960,INDUSTRY,lead,Exelixis,Other
6241503,NCT04932135,OTHER,lead,"University Hospital, Basel, Switzerland",Health care Institution
6241939,NCT04927468,OTHER,lead,Sun Yat-sen University,University
6632703,NCT04396912,OTHER_GOV,lead,Umraniye Education and Research Hospital,Health care Institution
6632780,NCT04396158,OTHER,lead,Assiut University,University
6633165,NCT04391244,OTHER,lead,Royal Marsden NHS Foundation Trust,Other
6242252,NCT04922892,OTHER,lead,The Second Hospital of Nanjing Medical University,Health care Institution
6517165,NCT00768820,OTHER,lead,The Chaim Sheba Medical Center,Health care Institution
6517290,NCT01398085,OTHER,lead,"University College, London",University
6517291,NCT01398085,OTHER,collaborator,Cancer Research UK,Other
6242553,NCT04919694,OTHER,lead,Sun Yat-sen University,University
6633166,NCT04391244,OTHER,collaborator,European Commission,Other
6242892,NCT04916262,OTHER,lead,Qianfoshan Hospital,Health care Institution
6109720,NCT03191188,OTHER,lead,"University of California, Irvine",University
6109721,NCT03191188,NIH,collaborator,National Institute of Diabetes and Digestive and Kidney Diseases (NIDDK),Government Agency
6633814,NCT04383795,OTHER,lead,Seoul St. Mary's Hospital,Health care Institution
6579722,NCT02013479,OTHER,lead,Steen Bonnema,Other
6579723,NCT02013479,OTHER,collaborator,"Rigshospitalet, Denmark",Health care Institution
6579724,NCT02013479,OTHER,collaborator,Bispebjerg Hospital,Health care Institution
6579725,NCT02013479,OTHER,collaborator,Hospital of South West Denmark,Health care Institution
6579726,NCT02013479,INDUSTRY,collaborator,Pharma Nord,Other
6579727,NCT02013479,OTHER,collaborator,The Danish Medical Research Council,Other
6579728,NCT02013479,OTHER,collaborator,Region of Southern Denmark,Other
6579729,NCT02013479,OTHER,collaborator,University of Southern Denmark,University
6633342,NCT04388956,OTHER,lead,National Taiwan University Hospital,Health care Institution
6110817,NCT03181100,OTHER,lead,M.D. Anderson Cancer Center,Health care Institution
6110818,NCT03181100,NIH,collaborator,National Cancer Institute (NCI),Government Agency
6582365,NCT02041260,OTHER,lead,Thomas Jefferson University,University
6634435,NCT04376203,OTHER,lead,University of Ioannina,University
6584218,NCT02061111,OTHER,lead,Naestved Hospital,Health care Institution
6584219,NCT02061111,OTHER,collaborator,University of Southern Denmark,University
6584220,NCT02061111,OTHER,collaborator,Region Zealand,Other
6586840,NCT02088645,OTHER,lead,"University Hospital, Basel, Switzerland",Health care Institution
6586841,NCT02088645,OTHER,collaborator,"Krebsforschung Schweiz, Bern, Switzerland",Health care Institution
6586842,NCT02088645,OTHER,collaborator,"Center for Proton Therapy, Paul Scherrer Institute, Villigen,Switzerland",Other
6586843,NCT02088645,OTHER,collaborator,"University Hospital, Zürich",Health care Institution
6586844,NCT02088645,OTHER,collaborator,University Hospital Freiburg,Health care Institution
6592441,NCT02147782,OTHER,lead,Shanghai University of Traditional Chinese Medicine,University
6592442,NCT02147782,OTHER_GOV,collaborator,Anhui Provincial Hospital,Health care Institution
6592443,NCT02147782,OTHER,collaborator,Huadong Hospital,Health care Institution
6592444,NCT02147782,OTHER,collaborator,Longhua Hospital,Health care Institution
6598154,NCT02208544,OTHER,lead,Radboud University Medical Center,Health care Institution
6636323,NCT04354324,OTHER,lead,Zhujiang Hospital,Health care Institution
6593251,NCT02156362,OTHER,lead,Hospices Civils de Lyon,Health care Institution
6635858,NCT04359979,OTHER_GOV,lead,Sheba Medical Center,Health care Institution
6598155,NCT02208544,OTHER,collaborator,Dutch Cancer Society,Other
6598367,NCT02210741,OTHER,lead,National Taiwan University Hospital,Health care Institution
6637616,NCT04339478,OTHER,lead,Aristotle University Of Thessaloniki,University
6112862,NCT03160274,OTHER,lead,The University of Texas Health Science Center at San Antonio,University
6112863,NCT03160274,NIH,collaborator,National Institute of General Medical Sciences (NIGMS),Government Agency
6637617,NCT04339478,OTHER_GOV,collaborator,Umraniye Education and Research Hospital,Health care Institution
6638417,NCT04329455,OTHER,lead,Assiut University,University
6637618,NCT04339478,OTHER,collaborator,The Hashemite University,University
6638126,NCT04333342,OTHER,lead,Seoul National University Bundang Hospital,Health care Institution
6637625,NCT04339205,OTHER,lead,Hospices Civils de Lyon,Health care Institution
6638952,NCT04323007,OTHER,lead,Merna Makram,Other
6638953,NCT04323007,OTHER,collaborator,Assiut University,University
6612036,NCT02609685,OTHER,lead,Cedars-Sinai Medical Center,Health care Institution
6609724,NCT05142904,OTHER,lead,Rijnstate Hospital,Health care Institution
6609725,NCT05142904,OTHER,collaborator,ZonMw: The Netherlands Organisation for Health Research and Development,Other
6609726,NCT05142904,OTHER,collaborator,University of Twente,University
6609727,NCT05142904,OTHER,collaborator,Academisch Medisch Centrum - Universiteit van Amsterdam (AMC-UvA),Other
6611188,NCT03475953,OTHER,lead,Institut Bergonié,Other
6611189,NCT03475953,INDUSTRY,collaborator,Bayer,Other
6611190,NCT03475953,INDUSTRY,collaborator,"Merck KGaA, Darmstadt, Germany",Other
6611387,NCT05149898,INDUSTRY,lead,"Zynerba Pharmaceuticals, Inc.",Industry
6611629,NCT05068687,OTHER,lead,"University Hospital, Ghent",Health care Institution
6611630,NCT05068687,INDUSTRY,collaborator,XEOS Medical,Other
6611648,NCT05002998,INDUSTRY,lead,"Horizon Therapeutics USA, Inc.",Industry
6611757,NCT04544111,OTHER,lead,Memorial Sloan Kettering Cancer Center,Health care Institution
6612196,NCT05151120,OTHER,lead,Hospices Civils de Lyon,Health care Institution
6639864,NCT04312087,OTHER,lead,Fudan University,University
6612317,NCT05015127,INDUSTRY,lead,Harbour BioMed (Guangzhou) Co. Ltd.,Industry
6640111,NCT04309136,OTHER,lead,Fudan University,University
6614232,NCT03573960,INDUSTRY,lead,Eisai Pharmaceuticals India Pvt. Ltd,Other
6614821,NCT01837745,OTHER,lead,"Gustave Roussy, Cancer Campus, Grand Paris",Health care Institution
6518697,NCT01412762,OTHER,lead,Memorial Sloan Kettering Cancer Center,Health care Institution
6618488,NCT04285476,OTHER,lead,Institut du Cancer de Montpellier - Val d'Aurelle,Other
6616839,NCT03099356,OTHER,lead,University of Michigan Rogel Cancer Center,Health care Institution
6617218,NCT04571736,OTHER,lead,"University Hospital, Montpellier",Health care Institution
6617219,NCT04571736,UNKNOWN,collaborator,EDOP,Other
6617677,NCT05143918,OTHER,lead,Assiut University,University
6618266,NCT05132205,OTHER,lead,Johns Hopkins University,University
6619275,NCT05078853,OTHER,lead,Soroka University Medical Center,Health care Institution
6619468,NCT04784208,INDUSTRY,lead,Abbott,Other
6640997,NCT04298684,OTHER,lead,Centre Hospitalier Universitaire de Pointe-a-Pitre,Health care Institution
6620548,NCT04193332,OTHER,lead,"Rigshospitalet, Denmark",Health care Institution
6620401,NCT04737330,INDUSTRY,lead,Novartis Pharmaceuticals,Other
6620549,NCT04193332,UNKNOWN,collaborator,"Cluster for molecular imaging, Denmark",Other
6620550,NCT04193332,UNKNOWN,collaborator,"Dept of Otorhinolaryngology and Maxillofacial Surgery, Zealand University Hospital, Denmark",Health care Institution
6620993,NCT03631771,INDUSTRY,lead,GE Healthcare,Other
6620785,NCT02859896,INDUSTRY,lead,Sanofi,Other
6620994,NCT03631771,INDUSTRY,collaborator,Bayer,Other
6620995,NCT03631771,UNKNOWN,collaborator,Guerbet/Liebel-Flarsheim,Other
6622227,NCT03647358,OTHER,lead,Memorial Sloan Kettering Cancer Center,Health care Institution
6308219,NCT00537095,INDUSTRY,lead,"Genzyme, a Sanofi Company",Other
6113996,NCT03149354,OTHER,lead,"Centre Hospitalier Universitaire, Amiens",Health care Institution
6114664,NCT05152927,OTHER,lead,"University of California, San Francisco",University
6114665,NCT05152927,OTHER,collaborator,Vanderbilt University Medical Center,Health care Institution
6114666,NCT05152927,NIH,collaborator,National Cancer Institute (NCI),Government Agency
6622664,NCT04524884,OTHER,lead,Fudan University,University
6244955,NCT04895631,OTHER,lead,Thomas Hope,Other
6622682,NCT04523974,OTHER,lead,Shanghai Zhongshan Hospital,Health care Institution
6622814,NCT04522622,OTHER,lead,Ditte Hansen,Other
6622815,NCT04522622,OTHER,collaborator,Odense University Hospital,Health care Institution
6622816,NCT04522622,OTHER,collaborator,Steno Diabetes Center Copenhagen,Other
6622817,NCT04522622,OTHER,collaborator,"Rigshospitalet, Denmark",Health care Institution
6622818,NCT04522622,OTHER,collaborator,Universiteit Antwerpen,Other
6622832,NCT04522570,OTHER,lead,Instituto do Cancer do Estado de São Paulo,Other
6246170,NCT04880798,OTHER,lead,Peking Union Medical College Hospital,Health care Institution
6245172,NCT04892303,OTHER,lead,Sidney Kimmel Comprehensive Cancer Center at Johns Hopkins,Health care Institution
6245173,NCT04892303,NIH,collaborator,National Cancer Institute (NCI),Government Agency
6309759,NCT05247476,OTHER,lead,Zhongshan Hospital Xiamen University,Health care Institution
6622930,NCT04521348,OTHER,lead,Fudan University,University
6310061,NCT05059470,OTHER,lead,M.D. Anderson Cancer Center,Health care Institution
6310096,NCT04940052,INDUSTRY,lead,Novartis Pharmaceuticals,Other
6245921,NCT04883294,OTHER,lead,Maastricht University Medical Center,Health care Institution
6246171,NCT04880798,OTHER,collaborator,Beijing Cancer Hospital,Health care Institution
6310558,NCT02592356,OTHER,lead,M.D. Anderson Cancer Center,Health care Institution
6310559,NCT02592356,NIH,collaborator,National Cancer Institute (NCI),Government Agency
6246442,NCT04877613,OTHER,lead,University of Pennsylvania,University
6246350,NCT04879173,OTHER,lead,Dong Jun Lim,Other
6246386,NCT04878614,OTHER,lead,"University of California, Los Angeles",University
6641705,NCT04290663,OTHER,lead,Centre Francois Baclesse,Health care Institution
6641706,NCT04290663,UNKNOWN,collaborator,French cancer Institute INCa,Other
6246930,NCT04311606,OTHER,lead,Massachusetts Eye and Ear Infirmary,Health care Institution
6246931,NCT04311606,INDUSTRY,collaborator,Regeneron Pharmaceuticals,Other
6247011,NCT04000880,OTHER,lead,University of Alabama at Birmingham,University
6247012,NCT04000880,OTHER,collaborator,University of Tennessee Health Science Center,University
6247013,NCT04000880,NIH,collaborator,National Cancer Institute (NCI),Government Agency
6349419,NCT01876784,INDUSTRY,lead,"Genzyme, a Sanofi Company",Other
6317857,NCT04991493,OTHER,lead,Affiliated Cancer Hospital of Shantou University Medical College,Health care Institution
6247311,NCT04876534,OTHER,lead,"Fondazione IRCCS Ca' Granda, Ospedale Maggiore Policlinico",Other
6641862,NCT04288531,OTHER,lead,University of Minho,University
6641863,NCT04288531,UNKNOWN,collaborator,"Instituto Nacional de Saúde Dr Ricardo Jorge, Portugal",Other
6641864,NCT04288531,OTHER,collaborator,Clinical Academic Center (2CA-Braga),Other
6641865,NCT04288531,OTHER,collaborator,Hospital de Braga,Health care Institution
6641866,NCT04288531,OTHER,collaborator,"Administração Regional de Saúde do Norte, Portugal",Other
6318040,NCT04623801,OTHER,lead,Memorial Sloan Kettering Cancer Center,Health care Institution
6247312,NCT04876534,OTHER,collaborator,Mauriziano Umberto I Hospital,Health care Institution
6247313,NCT04876534,OTHER,collaborator,Istituto Auxologico Italiano,Other
6247314,NCT04876534,OTHER,collaborator,"Azienda Ospedaliera ""Sant'Andrea""",Health care Institution
6247315,NCT04876534,OTHER,collaborator,"Azienda Ospedaliero, Universitaria Pisana",Health care Institution
6625955,NCT04481893,OTHER,lead,Centre Francois Baclesse,Health care Institution
6331269,NCT01236547,NIH,lead,National Cancer Institute (NCI),Government Agency
6248011,NCT04868045,OTHER,lead,Memorial Sloan Kettering Cancer Center,Health care Institution
6327851,NCT03969329,INDUSTRY,lead,Amgen,Other
6331270,NCT01236547,OTHER,collaborator,NRG Oncology,Other
6627383,NCT04463316,OTHER,lead,dr. Laura C. G. de Graaff-Herder,Other
6332878,NCT01298323,INDUSTRY,lead,"Genzyme, a Sanofi Company",Other
6248941,NCT04857086,OTHER,lead,Huazhong University of Science and Technology,University
6248942,NCT04857086,OTHER,collaborator,"Wuhan Union Hospital, China",Health care Institution
6248943,NCT04857086,OTHER,collaborator,West China Hospital,Health care Institution
6248944,NCT04857086,OTHER,collaborator,The First Affiliated Hospital of Kunming Medical College,Health care Institution
6248945,NCT04857086,OTHER,collaborator,Sir Run Run Shaw Hospital,Health care Institution
6248946,NCT04857086,OTHER,collaborator,"China-Japan Union Hospital, Jilin University",Health care Institution
6248947,NCT04857086,OTHER,collaborator,Chinese PLA General Hospital,Health care Institution
6248948,NCT04857086,OTHER,collaborator,Tongji Hospital,Health care Institution
6248949,NCT04857086,OTHER,collaborator,First Hospital of China Medical University,Health care Institution
6248950,NCT04857086,OTHER,collaborator,Gansu Cancer Hospital,Health care Institution
6343055,NCT05316922,OTHER,lead,"Fondazione IRCCS Istituto Nazionale dei Tumori, Milano",Other
6249214,NCT04853680,OTHER,lead,Inha University Hospital,Health care Institution
6626258,NCT04477798,OTHER,lead,Luo Dingcun,Other
6337581,NCT01496313,INDUSTRY,lead,"Genzyme, a Sanofi Company",Other
6248836,NCT04858867,OTHER,lead,Leiden University Medical Center,Health care Institution
6344554,NCT04211337,INDUSTRY,lead,"Loxo Oncology, Inc.",Industry
6344555,NCT04211337,INDUSTRY,collaborator,Eli Lilly and Company,Other
6345440,NCT02465060,NIH,lead,National Cancer Institute (NCI),Government Agency
6355196,NCT02152137,OTHER,lead,Alliance for Clinical Trials in Oncology,Other
6627791,NCT04458233,OTHER_GOV,lead,Ziv Hospital,Health care Institution
6627729,NCT04459273,OTHER,lead,Jonsson Comprehensive Cancer Center,Health care Institution
6355197,NCT02152137,NIH,collaborator,National Cancer Institute (NCI),Government Agency
6355198,NCT02152137,INDUSTRY,collaborator,"Daiichi Sankyo, Inc.",Industry
6251032,NCT04831957,OTHER,lead,Universitair Ziekenhuis Brussel,Health care Institution
6118904,NCT03109847,OTHER,lead,Sidney Kimmel Cancer Center at Thomas Jefferson University,Health care Institution
6645318,NCT04787328,INDUSTRY,lead,"CSPC ZhongQi Pharmaceutical Technology Co., Ltd.",Industry
6644913,NCT04252001,OTHER,lead,dr. Laura C. G. de Graaff-Herder,Other
6119371,NCT03105648,OTHER,lead,National Taiwan University Hospital,Health care Institution
6646685,NCT04239521,INDUSTRY,lead,Momentum Data,Other
6646686,NCT04239521,INDUSTRY,collaborator,Pfizer,Other
6646687,NCT04239521,OTHER,collaborator,University of Surrey,University
6646688,NCT04239521,OTHER,collaborator,University of Oxford,University
6649240,NCT04208503,OTHER,lead,"Princess Anna Mazowiecka Hospital, Warsaw, Poland",Health care Institution
6648492,NCT04216732,OTHER,lead,M.D. Anderson Cancer Center,Health care Institution
6648493,NCT04216732,NIH,collaborator,National Cancer Institute (NCI),Government Agency
6120099,NCT03098225,OTHER,lead,University of Pisa,University
6251698,NCT04823728,OTHER,lead,Hospices Civils de Lyon,Health care Institution
6360466,NCT02432274,INDUSTRY,lead,Eisai Limited,Other
6650081,NCT04197960,OTHER,lead,Chinese PLA General Hospital,Health care Institution
6360467,NCT02432274,INDUSTRY,collaborator,Merck Sharp & Dohme Corp.,Other
6251902,NCT04821336,UNKNOWN,collaborator,Cancer Research Center of Toulouse,Other
6363767,NCT04321954,OTHER,lead,Massachusetts Eye and Ear Infirmary,Health care Institution
6252879,NCT04809454,OTHER_GOV,lead,"Services Institute of Medical Sciences, Pakistan",Other
6253127,NCT04806672,OTHER,lead,Minia University,University
6251901,NCT04821336,OTHER,lead,Institut Claudius Regaud,Other
6363768,NCT04321954,INDUSTRY,collaborator,Eisai Inc.,Industry
6363769,NCT04320901,OTHER,lead,Inha University Hospital,Health care Institution
6363893,NCT03753919,OTHER,lead,Grupo Espanol de Tumores Neuroendocrinos,Other
6363894,NCT03753919,OTHER,collaborator,MFAR,Other
6253801,NCT04798092,OTHER,lead,"Central Hospital, Nancy, France",Health care Institution
6363821,NCT04064827,INDUSTRY,lead,AbbVie,Other
6364062,NCT02657551,OTHER,lead,Dana-Farber Cancer Institute,Health care Institution
6364063,NCT02657551,INDUSTRY,collaborator,Bayer,Other
6364096,NCT02244463,OTHER,lead,Dana-Farber Cancer Institute,Health care Institution
6364097,NCT02244463,INDUSTRY,collaborator,"Millennium Pharmaceuticals, Inc.",Industry
6120570,NCT03093909,OTHER,lead,M.D. Anderson Cancer Center,Health care Institution
6120571,NCT03093909,UNKNOWN,collaborator,James B. and Lois R. Archer Charitable Foundation,Other
6120572,NCT03093909,OTHER,collaborator,Gateway for Cancer Research,Other
6253430,NCT04802876,OTHER,lead,SOLTI Breast Cancer Research Group,Other
6253431,NCT04802876,INDUSTRY,collaborator,Novartis,Other
6124955,NCT03048877,OTHER,lead,Peking Union Medical College Hospital,Health care Institution
6123467,NCT03064542,OTHER_GOV,lead,"Clinical Nutrition Research Centre, Singapore",Other
6123468,NCT03064542,OTHER,collaborator,"Agency for Science, Technology and Research",Other
6254871,NCT04785443,OTHER,lead,"University Hospital, Brest",Health care Institution
6255099,NCT04782856,OTHER,lead,Virginia Commonwealth University,University
6124499,NCT03053115,OTHER,lead,Azienda USL Modena,Other
6253975,NCT04795947,OTHER,lead,Beijing Chao Yang Hospital,Health care Institution
6254123,NCT04794257,OTHER,lead,Marcin Barczynski,Other
6255431,NCT04778865,OTHER,lead,Universidad de Valparaiso,University
6124421,NCT03053999,OTHER,lead,M.D. Anderson Cancer Center,Health care Institution
6124679,NCT03051126,OTHER,lead,M.D. Anderson Cancer Center,Health care Institution
6652181,NCT04171622,OTHER,lead,M.D. Anderson Cancer Center,Health care Institution
6256944,NCT04759911,OTHER,lead,M.D. Anderson Cancer Center,Health care Institution
6256947,NCT04760171,OTHER,lead,The Leeds Teaching Hospitals NHS Trust,Health care Institution
6256948,NCT04760171,OTHER,collaborator,University of Leeds,University
6652182,NCT04171622,NIH,collaborator,National Cancer Institute (NCI),Government Agency
6257361,NCT04754607,OTHER,lead,Istanbul Medipol University Hospital,Health care Institution
