nct_id,location,continent,iso
NCT00001159,United States,North America,USA
NCT00001277,United States,North America,USA
NCT00004048,United States,North America,USA
NCT00004074,United States,North America,USA
NCT00004089,United States,North America,USA
NCT00004340,United States,North America,USA
NCT00004351,United States,North America,USA
NCT00004660,United States,North America,USA
NCT00005102,United States,North America,USA
NCT00037193,United States,North America,USA
NCT00053547,United States,North America,USA
NCT00060242,United States,North America,USA
NCT00061906,United States,North America,USA
NCT00068497,United States,North America,USA
NCT00073710,United States,North America,USA
NCT00077103,United States,North America,USA
NCT00085293,United States,North America,USA
NCT00095693,United States,North America,USA
NCT00095836,United States,North America,USA
NCT00098813,United States,North America,USA
NCT00098852,United States,North America,USA
NCT00100828,United States,North America,USA
NCT00103155,United States,North America,USA
NCT00104871,United States,North America,USA
NCT00105274,United States,North America,USA
NCT00108394,United States,North America,USA
NCT00118248,United States,North America,USA
NCT00123461,Puerto Rico,Central America,PRI
NCT00123461,United States,North America,USA
NCT00134043,United States,North America,USA
NCT00145366,Denmark,Europe,DNK
NCT00147433,United States,North America,USA
NCT00150111,Denmark,Europe,DNK
NCT00150124,Denmark,Europe,DNK
NCT00150137,Denmark,Europe,DNK
NCT00150150,Denmark,Europe,DNK
NCT00161109,Netherlands,Europe,NLD
NCT00161109,United States,North America,USA
NCT00174057,Taiwan,East Asia,TWN
NCT00175149,Denmark,Europe,DNK
NCT00209235,United States,North America,USA
NCT00211939,United States,North America,USA
NCT00213720,France,Europe,FRA
NCT00257920,United States,North America,USA
NCT00261950,Belgium,Europe,BEL
NCT00261950,Czech Republic,Europe,CZE
NCT00261950,Hungary,Europe,HUN
NCT00261950,Italy,Europe,ITA
NCT00261950,"Macedonia, The Former Yugoslav Republic of",Europe,MKD
NCT00261950,Poland,Europe,POL
NCT00261950,Portugal,Europe,PRT
NCT00261950,Spain,Europe,ESP
NCT00261950,Switzerland,Europe,CHE
NCT00261950,Turkey,Middle East,TUR
NCT00261950,United Kingdom,Europe,GBR
NCT00261950,United States,North America,USA
NCT00278005,United States,North America,USA
NCT00285467,United States,North America,USA
NCT00287144,Norway,Europe,NOR
NCT00287287,United States,North America,USA
NCT00288522,Spain,Europe,ESP
NCT00288873,United States,North America,USA
NCT00297297,Denmark,Europe,DNK
NCT00316823,United States,North America,USA
NCT00322322,France,Europe,FRA
NCT00325104,United States,North America,USA
NCT00335062,United States,North America,USA
NCT00342641,United States,North America,USA
NCT00348413,Singapore,Southeast Asia,SGP
NCT00360074,Germany,Europe,DEU
NCT00364234,United States,North America,USA
NCT00374712,France,Europe,FRA
NCT00381641,United States,North America,USA
NCT00385983,Brazil,South America,BRA
NCT00388297,United States,North America,USA
NCT00390325,United States,North America,USA
NCT00397475,Germany,Europe,DEU
NCT00400465,Thailand,Southeast Asia,THA
NCT00415233,United Kingdom,Europe,GBR
NCT00415584,United States,North America,USA
NCT00416949,United States,North America,USA
NCT00418600,United States,North America,USA
NCT00424151,United States,North America,USA
NCT00430547,Australia,Pacifica,AUS
NCT00432939,United States,North America,USA
NCT00437931,Israel,Middle East,ISR
NCT00446329,Greece,Europe,GRC
NCT00454350,United States,North America,USA
NCT00463021,United States,North America,USA
NCT00469599,Denmark,Europe,DNK
NCT00470496,United States,North America,USA
NCT00480428,Kazakhstan,North Asia,KAZ
NCT00507897,Russian Federation,North Asia,RUS
NCT00519896,United States,North America,USA
NCT00522028,Norway,Europe,NOR
NCT00525135,United States,North America,USA
NCT00528788,United States,North America,USA
NCT00531713,Denmark,Europe,DNK
NCT00535561,Turkey,Middle East,TUR
NCT00537797,United States,North America,USA
NCT00537979,Mexico,North America,MEX
NCT00552253,Taiwan,East Asia,TWN
NCT00556530,United States,North America,USA
NCT00559949,Canada,North America,CAN
NCT00559949,United States,North America,USA
NCT00571077,Israel,Middle East,ISR
NCT00571077,United States,North America,USA
NCT00571090,Turkey,Middle East,TUR
NCT00576407,United States,North America,USA
NCT00576836,United States,North America,USA
NCT00579527,United States,North America,USA
NCT00579709,United States,North America,USA
NCT00580320,United States,North America,USA
NCT00587158,United States,North America,USA
NCT00588432,United States,North America,USA
NCT00595335,United States,North America,USA
NCT00601328,United States,North America,USA
NCT00639405,United States,North America,USA
NCT00646282,United States,North America,USA
NCT00651625,United States,North America,USA
NCT00654238,United States,North America,USA
NCT00664430,Brazil,South America,BRA
NCT00665795,Brazil,South America,BRA
NCT00667576,Japan,East Asia,JPN
NCT00674154,Denmark,Europe,DNK
NCT00677469,"Iran, Islamic Republic of",Middle East,IRN
NCT00697528,Brazil,South America,BRA
NCT00701805,Japan,East Asia,JPN
NCT00729157,United States,North America,USA
NCT00742716,Canada,North America,CAN
NCT00742716,United States,North America,USA
NCT00752401,Austria,Europe,AUT
NCT00754442,United States,North America,USA
NCT00768820,Israel,Middle East,ISR
NCT00781417,United States,North America,USA
NCT00782366,United States,North America,USA
NCT00792857,United States,North America,USA
NCT00804830,Sweden,Europe,SWE
NCT00823303,United States,North America,USA
NCT00828347,Japan,East Asia,JPN
NCT00858104,Italy,Europe,ITA
NCT00859612,United States,North America,USA
NCT00877630,China,East Asia,CHN
NCT00877981,Denmark,Europe,DNK
NCT00877981,Sweden,Europe,SWE
NCT00887107,Netherlands,Europe,NLD
NCT00888069,United States,North America,USA
NCT00891813,Peru,South America,PER
NCT00902122,China,East Asia,CHN
NCT00916955,United States,North America,USA
NCT00917189,United States,North America,USA
NCT00921050,Mexico,North America,MEX
NCT00946296,United States,North America,USA
NCT00958113,United States,North America,USA
NCT00958451,United States,North America,USA
NCT00961701,Israel,Middle East,ISR
NCT00962221,Israel,Middle East,ISR
NCT00973336,Austria,Europe,AUT
NCT00975221,Australia,Pacifica,AUS
NCT00975221,Canada,North America,CAN
NCT00975221,Hungary,Europe,HUN
NCT00975221,Poland,Europe,POL
NCT00975221,Portugal,Europe,PRT
NCT00975221,Russian Federation,North Asia,RUS
NCT00975221,United States,North America,USA
NCT00977080,Czech Republic,Europe,CZE
NCT00977080,Denmark,Europe,DNK
NCT00977080,Germany,Europe,DEU
NCT00977080,Greece,Europe,GRC
NCT00977080,Italy,Europe,ITA
NCT00977080,Netherlands,Europe,NLD
NCT00977080,Portugal,Europe,PRT
NCT00977080,Russian Federation,North Asia,RUS
NCT00977080,Spain,Europe,ESP
NCT00977080,Sweden,Europe,SWE
NCT00977080,United Kingdom,Europe,GBR
NCT00977080,United States,North America,USA
NCT00982722,Sweden,Europe,SWE
NCT00990704,Japan,East Asia,JPN
NCT00995163,Japan,East Asia,JPN
NCT00999037,United States,North America,USA
NCT01012414,United States,North America,USA
NCT01025128,Israel,Middle East,ISR
NCT01039818,Brazil,South America,BRA
NCT01056419,Turkey,Middle East,TUR
NCT01057732,Israel,Middle East,ISR
NCT01060982,France,Europe,FRA
NCT01073462,Austria,Europe,AUT
NCT01081665,Greece,Europe,GRC
NCT01083186,Greece,Europe,GRC
NCT01083550,Canada,North America,CAN
NCT01083849,Austria,Europe,AUT
NCT01083849,Germany,Europe,DEU
NCT01084356,Israel,Middle East,ISR
NCT01087619,Sweden,Europe,SWE
NCT01089335,Sweden,Europe,SWE
NCT01100723,United States,North America,USA
NCT01101113,"Korea, Republic of",East Asia,KOR
NCT01102127,Spain,Europe,ESP
NCT01103206,France,Europe,FRA
NCT01106443,Canada,North America,CAN
NCT01109420,United States,North America,USA
NCT01114503,United Kingdom,Europe,GBR
NCT01115543,Thailand,Southeast Asia,THA
NCT01118065,Netherlands,Europe,NLD
NCT01127503,United States,North America,USA
NCT01134315,United States,North America,USA
NCT01134549,Australia,Pacifica,AUS
NCT01134562,Australia,Pacifica,AUS
NCT01134562,United States,North America,USA
NCT01137097,"Korea, Republic of",East Asia,KOR
NCT01138475,United States,North America,USA
NCT01149291,Turkey,Middle East,TUR
NCT01153360,"Korea, Republic of",East Asia,KOR
NCT01163565,Canada,North America,CAN
NCT01164176,"Korea, Republic of",East Asia,KOR
NCT01167309,Germany,Europe,DEU
NCT01167309,Poland,Europe,POL
NCT01171690,United States,North America,USA
NCT01178450,Spain,Europe,ESP
NCT01182285,United States,North America,USA
NCT01182584,Taiwan,East Asia,TWN
NCT01208051,Canada,North America,CAN
NCT01208051,United States,North America,USA
NCT01219855,United States,North America,USA
NCT01220050,Italy,Europe,ITA
NCT01222026,Austria,Europe,AUT
NCT01224782,Bulgaria,Europe,BGR
NCT01224782,Czech Republic,Europe,CZE
NCT01224782,Romania,Europe,ROU
NCT01225016,United States,North America,USA
NCT01227499,China,East Asia,CHN
NCT01228786,India,South Asia,IND
NCT01229865,United States,North America,USA
NCT01254565,United States,North America,USA
NCT01265992,Sweden,Europe,SWE
NCT01269749,United States,North America,USA
NCT01270425,Israel,Middle East,ISR
NCT01272414,Canada,North America,CAN
NCT01273597,Hungary,Europe,HUN
NCT01286753,France,Europe,FRA
NCT01286753,Italy,Europe,ITA
NCT01286753,Netherlands,Europe,NLD
NCT01286753,United States,North America,USA
NCT01290029,Germany,Europe,DEU
NCT01290029,United Kingdom,Europe,GBR
NCT01290029,United States,North America,USA
NCT01291498,United Kingdom,Europe,GBR
NCT01295333,France,Europe,FRA
NCT01297699,Spain,Europe,ESP
NCT01306656,United States,North America,USA
NCT01306916,United States,North America,USA
NCT01307761,Taiwan,East Asia,TWN
NCT01308320,"Korea, Republic of",East Asia,KOR
NCT01320813,France,Europe,FRA
NCT01322165,United States,North America,USA
NCT01329666,United States,North America,USA
NCT01335802,Denmark,Europe,DNK
NCT01335828,France,Europe,FRA
NCT01341782,Japan,East Asia,JPN
NCT01341886,"Iran, Islamic Republic of",Middle East,IRN
NCT01368042,Greece,Europe,GRC
NCT01369953,United States,North America,USA
NCT01382966,Turkey,Middle East,TUR
NCT01384786,Denmark,Europe,DNK
NCT01395134,Poland,Europe,POL
NCT01396733,"Korea, Republic of",East Asia,KOR
NCT01398774,United States,North America,USA
NCT01401478,Russian Federation,North Asia,RUS
NCT01408368,Poland,Europe,POL
NCT01409798,United States,North America,USA
NCT01413113,United States,North America,USA
NCT01421407,Italy,Europe,ITA
NCT01421407,Spain,Europe,ESP
NCT01426724,United States,North America,USA
NCT01428167,United States,North America,USA
NCT01436994,United Kingdom,Europe,GBR
NCT01439867,Belgium,Europe,BEL
NCT01439867,Czechia,Europe,CZE
NCT01439867,France,Europe,FRA
NCT01439867,Germany,Europe,DEU
NCT01439867,Hungary,Europe,HUN
NCT01439867,Italy,Europe,ITA
NCT01439867,Mexico,North America,MEX
NCT01439867,Netherlands,Europe,NLD
NCT01439867,New Zealand,Pacifica,NZL
NCT01439867,Poland,Europe,POL
NCT01439867,Russian Federation,North Asia,RUS
NCT01439867,Slovakia,Europe,SVK
NCT01439867,United States,North America,USA
NCT01441154,United States,North America,USA
NCT01447368,Hong Kong,East Asia,HKG
NCT01458600,Sweden,Europe,SWE
NCT01460030,Japan,East Asia,JPN
NCT01465867,Italy,Europe,ITA
NCT01471288,"Iran, Islamic Republic of",Middle East,IRN
NCT01479088,Italy,Europe,ITA
NCT01484379,Israel,Middle East,ISR
NCT01486667,Saudi Arabia,Middle East,SAU
NCT01528904,Serbia,Europe,SRB
NCT01530919,United States,North America,USA
NCT01534169,China,East Asia,CHN
NCT01539486,United States,North America,USA
NCT01539499,United States,North America,USA
NCT01545622,United States,North America,USA
NCT01558115,United States,North America,USA
NCT01560299,"Iran, Islamic Republic of",Middle East,IRN
NCT01571843,United States,North America,USA
NCT01574287,United States,North America,USA
NCT01574859,Denmark,Europe,DNK
NCT01579344,Brazil,South America,BRA
NCT01579539,Austria,Europe,AUT
NCT01598727,United Kingdom,Europe,GBR
NCT01599273,"Korea, Republic of",East Asia,KOR
NCT01609946,Germany,Europe,DEU
NCT01611896,Denmark,Europe,DNK
NCT01616108,United States,North America,USA
NCT01617694,"Korea, Republic of",East Asia,KOR
NCT01633853,China,East Asia,CHN
NCT01638533,Canada,North America,CAN
NCT01638533,United States,North America,USA
NCT01647503,India,South Asia,IND
NCT01648569,"Korea, Republic of",East Asia,KOR
NCT01649206,Italy,Europe,ITA
NCT01651000,United States,North America,USA
NCT01653379,United States,North America,USA
NCT01655719,United States,North America,USA
NCT01660126,United Kingdom,Europe,GBR
NCT01661179,Japan,East Asia,JPN
NCT01665651,China,East Asia,CHN
NCT01675089,Brazil,South America,BRA
NCT01690806,Italy,Europe,ITA
NCT01704079,United States,North America,USA
NCT01704586,Germany,Europe,DEU
NCT01725113,United States,North America,USA
NCT01727973,China,East Asia,CHN
NCT01738243,United States,North America,USA
NCT01739972,United States,North America,USA
NCT01744769,"Korea, Republic of",East Asia,KOR
NCT01750593,Turkey,Middle East,TUR
NCT01756534,Israel,Middle East,ISR
NCT01757834,United States,North America,USA
NCT01760421,Taiwan,East Asia,TWN
NCT01776502,France,Europe,FRA
NCT01778400,"Korea, Republic of",East Asia,KOR
NCT01779817,France,Europe,FRA
NCT01781923,United States,North America,USA
NCT01783002,Canada,North America,CAN
NCT01785849,Australia,Pacifica,AUS
NCT01785849,Austria,Europe,AUT
NCT01785849,Belgium,Europe,BEL
NCT01785849,Canada,North America,CAN
NCT01785849,Czechia,Europe,CZE
NCT01785849,France,Europe,FRA
NCT01785849,Germany,Europe,DEU
NCT01785849,Hungary,Europe,HUN
NCT01785849,Israel,Middle East,ISR
NCT01785849,Italy,Europe,ITA
NCT01785849,Poland,Europe,POL
NCT01785849,Russian Federation,North Asia,RUS
NCT01785849,Spain,Europe,ESP
NCT01785849,United Kingdom,Europe,GBR
NCT01785849,United States,North America,USA
NCT01785875,Australia,Pacifica,AUS
NCT01785875,Austria,Europe,AUT
NCT01785875,Belgium,Europe,BEL
NCT01785875,Canada,North America,CAN
NCT01785875,Czechia,Europe,CZE
NCT01785875,France,Europe,FRA
NCT01785875,Germany,Europe,DEU
NCT01785875,Hungary,Europe,HUN
NCT01785875,Israel,Middle East,ISR
NCT01785875,Italy,Europe,ITA
NCT01785875,Netherlands,Europe,NLD
NCT01785875,Poland,Europe,POL
NCT01785875,Russian Federation,North Asia,RUS
NCT01785875,Spain,Europe,ESP
NCT01785875,Sweden,Europe,SWE
NCT01785875,United Kingdom,Europe,GBR
NCT01785875,United States,North America,USA
NCT01788046,Australia,Pacifica,AUS
NCT01788046,Belgium,Europe,BEL
NCT01788046,Canada,North America,CAN
NCT01788046,Czechia,Europe,CZE
NCT01788046,France,Europe,FRA
NCT01788046,Germany,Europe,DEU
NCT01788046,Hungary,Europe,HUN
NCT01788046,Israel,Middle East,ISR
NCT01788046,Italy,Europe,ITA
NCT01788046,Netherlands,Europe,NLD
NCT01788046,Poland,Europe,POL
NCT01788046,Russian Federation,North Asia,RUS
NCT01788046,Spain,Europe,ESP
NCT01788046,Sweden,Europe,SWE
NCT01788046,United States,North America,USA
NCT01788982,Belgium,Europe,BEL
NCT01788982,Denmark,Europe,DNK
NCT01788982,France,Europe,FRA
NCT01788982,Germany,Europe,DEU
NCT01788982,Italy,Europe,ITA
NCT01788982,Netherlands,Europe,NLD
NCT01788982,Poland,Europe,POL
NCT01788982,Spain,Europe,ESP
NCT01788982,United Kingdom,Europe,GBR
NCT01789541,Sweden,Europe,SWE
NCT01794676,United States,North America,USA
NCT01798966,United States,North America,USA
NCT01805856,Japan,East Asia,JPN
NCT01809444,China,East Asia,CHN
NCT01811212,United States,North America,USA
NCT01821781,United States,North America,USA
NCT01830504,France,Europe,FRA
NCT01832753,United States,North America,USA
NCT01837433,China,East Asia,CHN
NCT01837745,France,Europe,FRA
NCT01838031,China,East Asia,CHN
NCT01838629,China,East Asia,CHN
NCT01853579,Netherlands,Europe,NLD
NCT01853579,Switzerland,Europe,CHE
NCT01856920,United States,North America,USA
NCT01868750,United States,North America,USA
NCT01868997,Germany,Europe,DEU
NCT01868997,Italy,Europe,ITA
NCT01868997,United Kingdom,Europe,GBR
NCT01868997,United States,North America,USA
NCT01880203,France,Europe,FRA
NCT01885533,United Kingdom,Europe,GBR
NCT01889134,Poland,Europe,POL
NCT01893450,Mexico,North America,MEX
NCT01896232,Austria,Europe,AUT
NCT01896232,Belgium,Europe,BEL
NCT01896232,Canada,North America,CAN
NCT01896232,Czechia,Europe,CZE
NCT01896232,Denmark,Europe,DNK
NCT01896232,Estonia,Europe,EST
NCT01896232,France,Europe,FRA
NCT01896232,Germany,Europe,DEU
NCT01896232,Greece,Europe,GRC
NCT01896232,Hungary,Europe,HUN
NCT01896232,Italy,Europe,ITA
NCT01896232,Latvia,Europe,LVA
NCT01896232,Lithuania,Europe,LTU
NCT01896232,New Zealand,Pacifica,NZL
NCT01896232,Poland,Europe,POL
NCT01896232,Portugal,Europe,PRT
NCT01896232,Russian Federation,North Asia,RUS
NCT01896232,Spain,Europe,ESP
NCT01896232,Sweden,Europe,SWE
NCT01896232,Switzerland,Europe,CHE
NCT01896232,Turkey,Middle East,TUR
NCT01896232,United States,North America,USA
NCT01922843,United States,North America,USA
NCT01927406,United States,North America,USA
NCT01927887,United States,North America,USA
NCT01932970,United States,North America,USA
NCT01939977,Spain,Europe,ESP
NCT01945762,Belgium,Europe,BEL
NCT01945762,France,Europe,FRA
NCT01945762,Germany,Europe,DEU
NCT01945762,Italy,Europe,ITA
NCT01945762,Luxembourg,,
NCT01945762,Netherlands,Europe,NLD
NCT01945762,Spain,Europe,ESP
NCT01945762,United Kingdom,Europe,GBR
NCT01950260,United States,North America,USA
NCT01969019,China,East Asia,CHN
NCT01985204,Morocco,,
NCT01996072,United States,North America,USA
NCT01999790,Brazil,South America,BRA
NCT02017080,Serbia,Europe,SRB
NCT02024906,United States,North America,USA
NCT02041260,United States,North America,USA
NCT02054572,United States,North America,USA
NCT02055989,United Kingdom,Europe,GBR
NCT02056730,Thailand,Southeast Asia,THA
NCT02059655,United Kingdom,Europe,GBR
NCT02061111,Denmark,Europe,DNK
NCT02070211,Holy See (Vatican City State),Europe,VAT
NCT02089542,United Kingdom,Europe,GBR
NCT02090907,"Iran, Islamic Republic of",Middle East,IRN
NCT02102204,Australia,Pacifica,AUS
NCT02102204,Austria,Europe,AUT
NCT02102204,Belgium,Europe,BEL
NCT02102204,Canada,North America,CAN
NCT02102204,Czechia,Europe,CZE
NCT02102204,Denmark,Europe,DNK
NCT02102204,France,Europe,FRA
NCT02102204,Germany,Europe,DEU
NCT02102204,Greece,Europe,GRC
NCT02102204,Hungary,Europe,HUN
NCT02102204,Israel,Middle East,ISR
NCT02102204,Italy,Europe,ITA
NCT02102204,Latvia,Europe,LVA
NCT02102204,Lithuania,Europe,LTU
NCT02102204,Netherlands,Europe,NLD
NCT02102204,New Zealand,Pacifica,NZL
NCT02102204,Poland,Europe,POL
NCT02102204,Portugal,Europe,PRT
NCT02102204,Russian Federation,North Asia,RUS
NCT02102204,Spain,Europe,ESP
NCT02102204,Sweden,Europe,SWE
NCT02102204,Switzerland,Europe,CHE
NCT02102204,Turkey,Middle East,TUR
NCT02102204,United States,North America,USA
NCT02107794,United States,North America,USA
NCT02109250,Belgium,Europe,BEL
NCT02112370,"Korea, Republic of",East Asia,KOR
NCT02114619,"Iran, Islamic Republic of",Middle East,IRN
NCT02126683,Taiwan,East Asia,TWN
NCT02133404,Japan,East Asia,JPN
NCT02138214,United States,North America,USA
NCT02138838,Belgium,Europe,BEL
NCT02138838,Czechia,Europe,CZE
NCT02138838,France,Europe,FRA
NCT02138838,Germany,Europe,DEU
NCT02138838,Greece,Europe,GRC
NCT02138838,Hungary,Europe,HUN
NCT02138838,Italy,Europe,ITA
NCT02138838,Lithuania,Europe,LTU
NCT02138838,New Zealand,Pacifica,NZL
NCT02138838,Poland,Europe,POL
NCT02138838,Portugal,Europe,PRT
NCT02138838,Russian Federation,North Asia,RUS
NCT02138838,Slovakia,Europe,SVK
NCT02138838,Spain,Europe,ESP
NCT02138838,Ukraine,Europe,UKR
NCT02138838,United States,North America,USA
NCT02140476,Brazil,South America,BRA
NCT02140476,Mexico,North America,MEX
NCT02143271,Japan,East Asia,JPN
NCT02143726,United States,North America,USA
NCT02147782,China,East Asia,CHN
NCT02150772,Denmark,Europe,DNK
NCT02152995,United States,North America,USA
NCT02155049,Israel,Middle East,ISR
NCT02169687,France,Europe,FRA
NCT02186405,France,Europe,FRA
NCT02194920,Italy,Europe,ITA
NCT02203682,China,East Asia,CHN
NCT02205801,United States,North America,USA
NCT02210741,Taiwan,East Asia,TWN
NCT02216656,Japan,East Asia,JPN
NCT02227264,Sweden,Europe,SWE
NCT02246504,Bulgaria,Europe,BGR
NCT02258347,Italy,Europe,ITA
NCT02268734,Italy,Europe,ITA
NCT02273570,Italy,Europe,ITA
NCT02274623,United States,North America,USA
NCT02289144,United States,North America,USA
NCT02290704,China,East Asia,CHN
NCT02316691,United States,North America,USA
NCT02316743,Canada,North America,CAN
NCT02319538,Norway,Europe,NOR
NCT02332135,China,East Asia,CHN
NCT02338934,Malaysia,Southeast Asia,MYS
NCT02341417,Belgium,Europe,BEL
NCT02341417,Czechia,Europe,CZE
NCT02341417,France,Europe,FRA
NCT02341417,Germany,Europe,DEU
NCT02341417,Greece,Europe,GRC
NCT02341417,Hungary,Europe,HUN
NCT02341417,Italy,Europe,ITA
NCT02341417,Poland,Europe,POL
NCT02341417,Russian Federation,North Asia,RUS
NCT02341417,Ukraine,Europe,UKR
NCT02341417,United States,North America,USA
NCT02352766,United States,North America,USA
NCT02373995,Italy,Europe,ITA
NCT02378298,Sweden,Europe,SWE
NCT02381457,Australia,Pacifica,AUS
NCT02381457,Ireland,Europe,IRL
NCT02381457,Spain,Europe,ESP
NCT02381457,Sweden,Europe,SWE
NCT02381457,United Kingdom,Europe,GBR
NCT02381457,United States,North America,USA
NCT02384668,Denmark,Europe,DNK
NCT02393183,"Iran, Islamic Republic of",Middle East,IRN
NCT02393690,United States,North America,USA
NCT02397109,France,Europe,FRA
NCT02398721,Hong Kong,East Asia,HKG
NCT02399475,United States,North America,USA
NCT02408887,United States,North America,USA
NCT02410928,Turkey,Middle East,TUR
NCT02417389,Italy,Europe,ITA
NCT02422368,"Iran, Islamic Republic of",Middle East,IRN
NCT02430584,United States,North America,USA
NCT02432274,France,Europe,FRA
NCT02432274,Germany,Europe,DEU
NCT02432274,Italy,Europe,ITA
NCT02432274,Spain,Europe,ESP
NCT02432274,United Kingdom,Europe,GBR
NCT02432274,United States,North America,USA
NCT02432599,France,Europe,FRA
NCT02440581,United States,North America,USA
NCT02460328,Thailand,Southeast Asia,THA
NCT02462512,"Korea, Republic of",East Asia,KOR
NCT02463409,United States,North America,USA
NCT02464072,Brazil,South America,BRA
NCT02491502,Bulgaria,Europe,BGR
NCT02491567,Greece,Europe,GRC
NCT02500342,Ireland,Europe,IRL
NCT02500342,Switzerland,Europe,CHE
NCT02516774,France,Europe,FRA
NCT02523209,France,Europe,FRA
NCT02525796,United States,North America,USA
NCT02535975,"Korea, Republic of",East Asia,KOR
NCT02536287,China,East Asia,CHN
NCT02539498,France,Europe,FRA
NCT02549391,Japan,East Asia,JPN
NCT02549404,Japan,East Asia,JPN
NCT02549417,Japan,East Asia,JPN
NCT02551120,Denmark,Europe,DNK
NCT02556216,Germany,Europe,DEU
NCT02609685,United States,North America,USA
NCT02620085,Taiwan,East Asia,TWN
NCT02652884,Argentina,South America,ARG
NCT02658552,Hong Kong,East Asia,HKG
NCT02665325,China,East Asia,CHN
NCT02681328,United States,North America,USA
NCT02685514,Hong Kong,East Asia,HKG
NCT02693808,Norway,Europe,NOR
NCT02697578,Spain,Europe,ESP
NCT02708368,Germany,Europe,DEU
NCT02710799,Brazil,South America,BRA
NCT02713256,Germany,Europe,DEU
NCT02713256,United States,North America,USA
NCT02714946,Italy,Europe,ITA
NCT02721992,Italy,Europe,ITA
NCT02725879,Greece,Europe,GRC
NCT02727738,Italy,Europe,ITA
NCT02764554,"Korea, Republic of",East Asia,KOR
NCT02772705,China,East Asia,CHN
NCT02778412,United States,North America,USA
NCT02784223,France,Europe,FRA
NCT02787486,United States,North America,USA
NCT02798965,France,Europe,FRA
NCT02824016,France,Europe,FRA
NCT02824718,France,Europe,FRA
NCT02830789,Denmark,Europe,DNK
NCT02833857,Belgium,Europe,BEL
NCT02833857,Germany,Europe,DEU
NCT02833857,Lithuania,Europe,LTU
NCT02833857,Poland,Europe,POL
NCT02833857,United Kingdom,Europe,GBR
NCT02833857,United States,North America,USA
NCT02839655,France,Europe,FRA
NCT02843542,Israel,Middle East,ISR
NCT02845336,United States,North America,USA
NCT02854345,France,Europe,FRA
NCT02859896,Chile,South America,CHL
NCT02859896,United States,North America,USA
NCT02890472,France,Europe,FRA
NCT02895906,United States,North America,USA
NCT02904330,United Kingdom,Europe,GBR
NCT02946918,United States,North America,USA
NCT02953288,China,East Asia,CHN
NCT02966093,China,East Asia,CHN
NCT02973802,United Kingdom,Europe,GBR
NCT02973997,United States,North America,USA
NCT02989103,United States,North America,USA
NCT02989428,Denmark,Europe,DNK
NCT03002623,United States,North America,USA
NCT03004209,"Korea, Republic of",East Asia,KOR
NCT03009357,"Korea, Republic of",East Asia,KOR
NCT03011736,United States,North America,USA
NCT03012620,France,Europe,FRA
NCT03013257,Hong Kong,East Asia,HKG
NCT03023748,Hong Kong,East Asia,HKG
NCT03027557,Denmark,Europe,DNK
NCT03032198,United States,North America,USA
NCT03036956,Pakistan,South Asia,PAK
NCT03039439,United States,North America,USA
NCT03046524,United States,North America,USA
NCT03051126,United States,North America,USA
NCT03052075,United States,North America,USA
NCT03057925,China,East Asia,CHN
NCT03061318,Chile,South America,CHL
NCT03063190,Brazil,South America,BRA
NCT03066076,Austria,Europe,AUT
NCT03072160,United States,North America,USA
NCT03082742,Brazil,South America,BRA
NCT03091140,Greece,Europe,GRC
NCT03093909,United States,North America,USA
NCT03094416,United States,North America,USA
NCT03096613,China,East Asia,CHN
NCT03102099,China,East Asia,CHN
NCT03105648,Taiwan,East Asia,TWN
NCT03106337,United States,North America,USA
NCT03106935,China,East Asia,CHN
NCT03107078,China,East Asia,CHN
NCT03108222,United States,North America,USA
NCT03109847,United States,North America,USA
NCT03110848,Italy,Europe,ITA
NCT03114267,France,Europe,FRA
NCT03115515,United States,North America,USA
NCT03120221,Israel,Middle East,ISR
NCT03122496,United States,North America,USA
NCT03122847,Denmark,Europe,DNK
NCT03123406,China,East Asia,CHN
NCT03128255,Germany,Europe,DEU
NCT03131206,United States,North America,USA
NCT03131726,Sweden,Europe,SWE
NCT03134976,United States,North America,USA
NCT03157466,Italy,Europe,ITA
NCT03158961,Hong Kong,East Asia,HKG
NCT03160482,Canada,North America,CAN
NCT03162627,United States,North America,USA
NCT03167385,China,East Asia,CHN
NCT03174925,United States,North America,USA
NCT03178253,Egypt,Africa,EGY
NCT03182699,Austria,Europe,AUT
NCT03183752,Brazil,South America,BRA
NCT03194087,China,East Asia,CHN
NCT03199677,China,East Asia,CHN
NCT03211117,United States,North America,USA
NCT03226171,Japan,East Asia,JPN
NCT03244956,France,Europe,FRA
NCT03249012,Canada,North America,CAN
NCT03257930,Egypt,Africa,EGY
NCT03268785,China,East Asia,CHN
NCT03271892,Canada,North America,CAN
NCT03274258,United States,North America,USA
NCT03278964,Brazil,South America,BRA
NCT03280264,Japan,East Asia,JPN
NCT03283098,China,East Asia,CHN
NCT03284060,France,Europe,FRA
NCT03285854,United Kingdom,Europe,GBR
NCT03295955,"Korea, Republic of",East Asia,KOR
NCT03298867,Germany,Europe,DEU
NCT03298867,Italy,Europe,ITA
NCT03298867,United States,North America,USA
NCT03299244,China,East Asia,CHN
NCT03299244,Hong Kong,East Asia,HKG
NCT03299244,India,South Asia,IND
NCT03299244,"Korea, Republic of",East Asia,KOR
NCT03299244,Malaysia,Southeast Asia,MYS
NCT03299244,Taiwan,East Asia,TWN
NCT03300284,United States,North America,USA
NCT03303053,Malaysia,Southeast Asia,MYS
NCT03307694,United States,North America,USA
NCT03309384,France,Europe,FRA
NCT03309631,United States,North America,USA
NCT03324022,Taiwan,East Asia,TWN
NCT03324893,Canada,North America,CAN
NCT03327636,Hong Kong,East Asia,HKG
NCT03331172,Hong Kong,East Asia,HKG
NCT03375359,Germany,Europe,DEU
NCT03382158,United States,North America,USA
NCT03387943,China,East Asia,CHN
NCT03395925,Germany,Europe,DEU
NCT03420963,United States,North America,USA
NCT03425747,Italy,Europe,ITA
NCT03434067,China,East Asia,CHN
NCT03435952,United States,North America,USA
NCT03440697,United States,North America,USA
NCT03447093,China,East Asia,CHN
NCT03461211,Germany,Europe,DEU
NCT03461211,Italy,Europe,ITA
NCT03461211,United States,North America,USA
NCT03464149,Austria,Europe,AUT
NCT03469310,United States,North America,USA
NCT03484416,"Korea, Republic of",East Asia,KOR
NCT03498183,France,Europe,FRA
NCT03498417,Italy,Europe,ITA
NCT03515863,China,East Asia,CHN
NCT03516747,Israel,Middle East,ISR
NCT03517267,Israel,Middle East,ISR
NCT03517579,United States,North America,USA
NCT03530462,China,East Asia,CHN
NCT03535974,Romania,Europe,ROU
NCT03543891,China,East Asia,CHN
NCT03566537,Greece,Europe,GRC
NCT03569787,United Kingdom,Europe,GBR
NCT03574051,China,East Asia,CHN
NCT03588884,United States,North America,USA
NCT03602261,United States,North America,USA
NCT03605472,France,Europe,FRA
NCT03606824,China,East Asia,CHN
NCT03614988,Brazil,South America,BRA
NCT03626246,United States,North America,USA
NCT03626948,Japan,East Asia,JPN
NCT03633708,Argentina,South America,ARG
NCT03633708,India,South Asia,IND
NCT03633708,"Korea, Republic of",East Asia,KOR
NCT03633708,Malaysia,Southeast Asia,MYS
NCT03633708,Russian Federation,North Asia,RUS
NCT03633708,Singapore,Southeast Asia,SGP
NCT03633708,Taiwan,East Asia,TWN
NCT03633708,Turkey,Middle East,TUR
NCT03633708,Ukraine,Europe,UKR
NCT03633708,United States,North America,USA
NCT03641638,China,East Asia,CHN
NCT03643081,France,Europe,FRA
NCT03646383,France,Europe,FRA
NCT03660800,United States,North America,USA
NCT03669432,India,South Asia,IND
NCT03676647,United States,North America,USA
NCT03699098,Egypt,Africa,EGY
NCT03700762,China,East Asia,CHN
NCT03708627,United States,North America,USA
NCT03713671,Turkey,Middle East,TUR
NCT03716128,Denmark,Europe,DNK
NCT03724188,Egypt,Africa,EGY
NCT03732495,France,Europe,FRA
NCT03753919,Spain,Europe,ESP
NCT03761290,United States,North America,USA
NCT03764007,United States,North America,USA
NCT03772496,China,East Asia,CHN
NCT03773120,"Korea, Republic of",East Asia,KOR
NCT03801980,Japan,East Asia,JPN
NCT03808779,China,East Asia,CHN
NCT03808779,Ukraine,Europe,UKR
NCT03822507,China,East Asia,CHN
NCT03822507,Hong Kong,East Asia,HKG
NCT03822507,"Korea, Republic of",East Asia,KOR
NCT03822507,Taiwan,East Asia,TWN
NCT03830242,China,East Asia,CHN
NCT03831620,Switzerland,Europe,CHE
NCT03835728,United States,North America,USA
NCT03836300,United States,North America,USA
NCT03845647,China,East Asia,CHN
NCT03866382,Puerto Rico,Central America,PRI
NCT03866382,United States,North America,USA
NCT03872284,France,Europe,FRA
NCT03878953,Japan,East Asia,JPN
NCT03880578,Germany,Europe,DEU
NCT03887611,China,East Asia,CHN
NCT03889431,Ethiopia,Africa,ETH
NCT03896958,United States,North America,USA
NCT03898622,Mexico,North America,MEX
NCT03910049,Greece,Europe,GRC
NCT03922321,Canada,North America,CAN
NCT03924804,China,East Asia,CHN
NCT03931109,United States,North America,USA
NCT03935984,United States,North America,USA
NCT03937349,Russian Federation,North Asia,RUS
NCT03938545,Canada,North America,CAN
NCT03938545,Germany,Europe,DEU
NCT03938545,Italy,Europe,ITA
NCT03938545,Spain,Europe,ESP
NCT03938545,United States,North America,USA
NCT03941184,United States,North America,USA
NCT03948191,China,East Asia,CHN
NCT03957616,France,Europe,FRA
NCT03960437,United States,North America,USA
NCT03960554,United States,North America,USA
NCT03969108,Canada,North America,CAN
NCT03969329,Belgium,Europe,BEL
NCT03969329,Czechia,Europe,CZE
NCT03969329,France,Europe,FRA
NCT03969329,Germany,Europe,DEU
NCT03969329,Greece,Europe,GRC
NCT03969329,Hungary,Europe,HUN
NCT03969329,Italy,Europe,ITA
NCT03969329,Lithuania,Europe,LTU
NCT03969329,Poland,Europe,POL
NCT03969329,Portugal,Europe,PRT
NCT03969329,Spain,Europe,ESP
NCT03969329,United Kingdom,Europe,GBR
NCT03980132,Spain,Europe,ESP
NCT03986593,Brazil,South America,BRA
NCT04009863,Hong Kong,East Asia,HKG
NCT04012476,Spain,Europe,ESP
NCT04013139,"Iran, Islamic Republic of",Middle East,IRN
NCT04019379,United States,North America,USA
NCT04031638,France,Europe,FRA
NCT04040946,France,Europe,FRA
NCT04046354,China,East Asia,CHN
NCT04053114,France,Europe,FRA
NCT04064827,Puerto Rico,Central America,PRI
NCT04064827,United States,North America,USA
NCT04075851,China,East Asia,CHN
NCT04080505,United States,North America,USA
NCT04085419,Slovenia,Europe,SVN
NCT04085913,United States,North America,USA
NCT04096612,China,East Asia,CHN
NCT04106596,France,Europe,FRA
NCT04106843,United States,North America,USA
NCT04126954,France,Europe,FRA
NCT04129281,Italy,Europe,ITA
NCT04135573,China,East Asia,CHN
NCT04141540,France,Europe,FRA
NCT04146259,Greece,Europe,GRC
NCT04171622,United States,North America,USA
NCT04175522,"Korea, Republic of",East Asia,KOR
NCT04180007,China,East Asia,CHN
NCT04193332,Denmark,Europe,DNK
NCT04216732,United States,North America,USA
NCT04239521,United Kingdom,Europe,GBR
NCT04267965,Taiwan,East Asia,TWN
NCT04270110,Egypt,Africa,EGY
NCT04281875,United States,North America,USA
NCT04284774,Puerto Rico,Central America,PRI
NCT04284774,United States,North America,USA
NCT04288115,United States,North America,USA
NCT04288531,Portugal,Europe,PRT
NCT04298684,France,Europe,FRA
NCT04298684,Guadeloupe,Central America,GLP
NCT04298684,RÃ©union,Africa,REU
NCT04299425,United States,North America,USA
NCT04305561,Denmark,Europe,DNK
NCT04311606,United States,North America,USA
NCT04329455,Egypt,Africa,EGY
NCT04333342,"Korea, Republic of",East Asia,KOR
NCT04339127,France,Europe,FRA
NCT04339205,France,Europe,FRA
NCT04344886,Czechia,Europe,CZE
NCT04354896,Netherlands,Europe,NLD
NCT04354896,Switzerland,Europe,CHE
NCT04359979,Israel,Middle East,ISR
NCT04373226,France,Europe,FRA
NCT04383795,"Korea, Republic of",East Asia,KOR
NCT04396912,Turkey,Middle East,TUR
NCT04410601,Turkey,Middle East,TUR
NCT04411290,Turkey,Middle East,TUR
NCT04412694,Poland,Europe,POL
NCT04424485,Turkey,Middle East,TUR
NCT04433936,Egypt,Africa,EGY
NCT04458233,Israel,Middle East,ISR
NCT04463316,Netherlands,Europe,NLD
NCT04463719,United States,North America,USA
NCT04467021,United States,North America,USA
NCT04472026,United States,North America,USA
NCT04477798,China,East Asia,CHN
NCT04482907,Turkey,Middle East,TUR
NCT04484116,Mexico,North America,MEX
NCT04488406,Italy,Europe,ITA
NCT04509011,Austria,Europe,AUT
NCT04509011,Norway,Europe,NOR
NCT04509011,Poland,Europe,POL
NCT04509011,Sweden,Europe,SWE
NCT04514484,United States,North America,USA
NCT04522622,Denmark,Europe,DNK
NCT04548284,China,East Asia,CHN
NCT04560127,China,East Asia,CHN
NCT04564924,China,East Asia,CHN
NCT04569604,Denmark,Europe,DNK
NCT04574258,China,East Asia,CHN
NCT04574947,Russian Federation,North Asia,RUS
NCT04583735,United States,North America,USA
NCT04598815,Italy,Europe,ITA
NCT04601298,China,East Asia,CHN
NCT04604808,Spain,Europe,ESP
NCT04610723,France,Europe,FRA
NCT04614389,United States,North America,USA
NCT04632524,Egypt,Africa,EGY
NCT04637360,Taiwan,East Asia,TWN
NCT04639388,France,Europe,FRA
NCT04639960,Switzerland,Europe,CHE
NCT04647006,Turkey,Middle East,TUR
NCT04647500,Switzerland,Europe,CHE
NCT04662190,Spain,Europe,ESP
NCT04663451,Belgium,Europe,BEL
NCT04666103,China,East Asia,CHN
NCT04671719,France,Europe,FRA
NCT04680650,China,East Asia,CHN
NCT04682340,Poland,Europe,POL
NCT04683575,China,East Asia,CHN
NCT04704414,Switzerland,Europe,CHE
NCT04708626,Sweden,Europe,SWE
NCT04714918,China,East Asia,CHN
NCT04730726,Netherlands,Europe,NLD
NCT04731740,Russian Federation,North Asia,RUS
NCT04737330,Germany,Europe,DEU
NCT04740502,Italy,Europe,ITA
NCT04750460,Russian Federation,North Asia,RUS
NCT04767763,Poland,Europe,POL
NCT04776993,Italy,Europe,ITA
NCT04782856,United States,North America,USA
NCT04785443,France,Europe,FRA
NCT04789993,France,Europe,FRA
NCT04798092,France,Europe,FRA
NCT04809454,Pakistan,South Asia,PAK
NCT04823728,France,Europe,FRA
NCT04842994,India,South Asia,IND
NCT04844164,Russian Federation,North Asia,RUS
NCT04846010,United States,North America,USA
NCT04856488,Sweden,Europe,SWE
NCT04876534,Italy,Europe,ITA
NCT04877613,United States,North America,USA
NCT04879173,"Korea, Republic of",East Asia,KOR
NCT04895631,United States,North America,USA
NCT04905641,Thailand,Southeast Asia,THA
NCT04919694,China,East Asia,CHN
NCT04922892,China,East Asia,CHN
NCT04927416,United States,North America,USA
NCT04932135,Switzerland,Europe,CHE
NCT04942769,China,East Asia,CHN
NCT04948671,Switzerland,Europe,CHE
NCT04953195,China,East Asia,CHN
NCT04969926,United States,North America,USA
NCT04988802,Croatia,Europe,HRV
NCT04998968,Sweden,Europe,SWE
NCT05002998,Spain,Europe,ESP
NCT05002998,United States,North America,USA
NCT05007093,China,East Asia,CHN
NCT05012033,United Kingdom,Europe,GBR
NCT05015127,China,East Asia,CHN
NCT05017142,Switzerland,Europe,CHE
NCT05019118,Spain,Europe,ESP
NCT05022641,United States,North America,USA
NCT05043233,China,East Asia,CHN
NCT05049603,Italy,Europe,ITA
NCT05059470,United States,North America,USA
NCT05068687,Belgium,Europe,BEL
NCT05070091,Poland,Europe,POL
NCT05098600,Czechia,Europe,CZE
NCT05108298,United States,North America,USA
NCT05110040,China,East Asia,CHN
NCT05112211,China,East Asia,CHN
NCT05117853,Belgium,Europe,BEL
NCT05118542,Indonesia,Southeast Asia,IDN
NCT05119296,United States,North America,USA
NCT05126147,Taiwan,East Asia,TWN
NCT05126706,"Korea, Republic of",East Asia,KOR
NCT05130476,Denmark,Europe,DNK
NCT05142904,Netherlands,Europe,NLD
NCT05149898,Australia,Pacifica,AUS
NCT05149898,United States,North America,USA
NCT05176639,United States,North America,USA
NCT05180214,Egypt,Africa,EGY
NCT05189314,United States,North America,USA
NCT05189808,United States,North America,USA
NCT05189821,United States,North America,USA
NCT05199103,Poland,Europe,POL
NCT05214274,China,East Asia,CHN
NCT05216718,"Korea, Republic of",East Asia,KOR
NCT05225883,France,Europe,FRA
NCT05229341,United States,North America,USA
NCT05239221,Hungary,Europe,HUN
NCT05239221,Netherlands,Europe,NLD
NCT05241626,Egypt,Africa,EGY
NCT05242055,China,East Asia,CHN
NCT05264857,United States,North America,USA
NCT05280600,United Kingdom,Europe,GBR
NCT05290493,Canada,North America,CAN
NCT05290493,United States,North America,USA
NCT05299437,Italy,Europe,ITA
NCT05299632,United States,North America,USA
NCT05316922,Italy,Europe,ITA
NCT05329935,United States,North America,USA
NCT05345119,Italy,Europe,ITA
NCT05347082,Mexico,North America,MEX
NCT05377736,Denmark,Europe,DNK
NCT02378233,Sweden,Europe,SWE
NCT02742597,Canada,North America,CAN
NCT02789800,Canada,North America,CAN
NCT02966405,China,East Asia,CHN
NCT03149354,France,Europe,FRA
NCT03922087,China,East Asia,CHN
NCT03932487,China,East Asia,CHN
NCT04019509,Belgium,Europe,BEL
NCT04208503,Poland,Europe,POL
NCT04388956,Taiwan,East Asia,TWN
NCT04571736,France,Europe,FRA
NCT04585126,France,Europe,FRA
NCT04615988,United States,North America,USA
NCT04658524,Brazil,South America,BRA
NCT04708704,United States,North America,USA
NCT04936698,Taiwan,East Asia,TWN
NCT04991493,China,East Asia,CHN
NCT05016518,"Korea, Republic of",East Asia,KOR
NCT05103774,Egypt,Africa,EGY
NCT05126108,France,Europe,FRA
NCT05151120,France,Europe,FRA
NCT05251194,"Korea, Republic of",East Asia,KOR
NCT05323539,Turkey,Middle East,TUR
NCT00001160,United States,North America,USA
NCT00001242,United States,North America,USA
NCT00001304,United States,North America,USA
NCT00001394,United States,North America,USA
NCT00001730,United States,North America,USA
NCT00006329,United States,North America,USA
NCT00080574,United States,North America,USA
NCT00094055,United States,North America,USA
NCT00098345,France,Europe,FRA
NCT00098345,United States,North America,USA
NCT00111735,Australia,Pacifica,AUS
NCT00115739,United States,North America,USA
NCT00115895,Finland,Europe,FIN
NCT00123760,Canada,North America,CAN
NCT00124527,Argentina,South America,ARG
NCT00124527,France,Europe,FRA
NCT00124527,Peru,South America,PER
NCT00124527,Russian Federation,North Asia,RUS
NCT00124527,Ukraine,Europe,UKR
NCT00124527,United States,North America,USA
NCT00126568,United States,North America,USA
NCT00144079,Austria,Europe,AUT
NCT00144079,Germany,Europe,DEU
NCT00144079,Switzerland,Europe,CHE
NCT00148213,Germany,Europe,DEU
NCT00151723,Netherlands,Europe,NLD
NCT00169806,United States,North America,USA
NCT00176748,United States,North America,USA
NCT00181168,France,Europe,FRA
NCT00181168,United States,North America,USA
NCT00206375,United States,North America,USA
NCT00215605,United States,North America,USA
NCT00223158,Canada,North America,CAN
NCT00230802,United States,North America,USA
NCT00251316,United States,North America,USA
NCT00271427,Turkey,Middle East,TUR
NCT00275171,Denmark,Europe,DNK
NCT00277589,Germany,Europe,DEU
NCT00280852,Canada,North America,CAN
NCT00295763,Canada,North America,CAN
NCT00295763,France,Europe,FRA
NCT00295763,Germany,Europe,DEU
NCT00295763,Italy,Europe,ITA
NCT00295763,United States,North America,USA
NCT00336102,United States,North America,USA
NCT00339716,Belarus,North Asia,BLR
NCT00341094,Ukraine,Europe,UKR
NCT00341185,Kazakhstan,North Asia,KAZ
NCT00342407,United States,North America,USA
NCT00342446,United States,North America,USA
NCT00354523,United States,North America,USA
NCT00356512,United States,North America,USA
NCT00358956,Australia,Pacifica,AUS
NCT00358956,Canada,North America,CAN
NCT00358956,Italy,Europe,ITA
NCT00358956,Netherlands,Europe,NLD
NCT00358956,Romania,Europe,ROU
NCT00358956,Spain,Europe,ESP
NCT00358956,Switzerland,Europe,CHE
NCT00358956,United States,North America,USA
NCT00359385,United States,North America,USA
NCT00374595,United States,North America,USA
NCT00377312,United States,North America,USA
NCT00389441,Canada,North America,CAN
NCT00389441,China,East Asia,CHN
NCT00389441,Czech Republic,Europe,CZE
NCT00389441,India,South Asia,IND
NCT00389441,Italy,Europe,ITA
NCT00389441,Poland,Europe,POL
NCT00389441,Spain,Europe,ESP
NCT00389441,United Kingdom,Europe,GBR
NCT00389441,United States,North America,USA
NCT00395538,United States,North America,USA
NCT00403390,United States,North America,USA
NCT00403598,Israel,Middle East,ISR
NCT00405405,United States,North America,USA
NCT00410761,Australia,Pacifica,AUS
NCT00410761,Austria,Europe,AUT
NCT00410761,Belgium,Europe,BEL
NCT00410761,Brazil,South America,BRA
NCT00410761,Canada,North America,CAN
NCT00410761,Czechia,Europe,CZE
NCT00410761,Denmark,Europe,DNK
NCT00410761,France,Europe,FRA
NCT00410761,Germany,Europe,DEU
NCT00410761,Hungary,Europe,HUN
NCT00410761,India,South Asia,IND
NCT00410761,Italy,Europe,ITA
NCT00410761,"Korea, Republic of",East Asia,KOR
NCT00410761,Mexico,North America,MEX
NCT00410761,Netherlands,Europe,NLD
NCT00410761,Poland,Europe,POL
NCT00410761,Portugal,Europe,PRT
NCT00410761,Romania,Europe,ROU
NCT00410761,Russian Federation,North Asia,RUS
NCT00410761,Serbia,Europe,SRB
NCT00410761,Spain,Europe,ESP
NCT00410761,Sweden,Europe,SWE
NCT00410761,Switzerland,Europe,CHE
NCT00410761,United States,North America,USA
NCT00417612,United States,North America,USA
NCT00435851,France,Europe,FRA
NCT00439478,Switzerland,Europe,CHE
NCT00451880,United States,North America,USA
NCT00452049,Belgium,Europe,BEL
NCT00454077,Italy,Europe,ITA
NCT00454220,Brazil,South America,BRA
NCT00454220,Canada,North America,CAN
NCT00454220,Denmark,Europe,DNK
NCT00454220,France,Europe,FRA
NCT00454220,Germany,Europe,DEU
NCT00454220,Italy,Europe,ITA
NCT00454220,Netherlands,Europe,NLD
NCT00454220,United States,North America,USA
NCT00459459,Taiwan,East Asia,TWN
NCT00467506,France,Europe,FRA
NCT00471458,Finland,Europe,FIN
NCT00473265,United States,North America,USA
NCT00488644,United States,North America,USA
NCT00497484,Italy,Europe,ITA
NCT00501215,United States,North America,USA
NCT00505479,China,East Asia,CHN
NCT00507429,Belarus,North Asia,BLR
NCT00507429,Bulgaria,Europe,BGR
NCT00507429,Egypt,Africa,EGY
NCT00507429,India,South Asia,IND
NCT00507429,Israel,Middle East,ISR
NCT00507429,Italy,Europe,ITA
NCT00507429,Poland,Europe,POL
NCT00507429,Romania,Europe,ROU
NCT00507429,Russian Federation,North Asia,RUS
NCT00507429,Ukraine,Europe,UKR
NCT00507429,United Kingdom,Europe,GBR
NCT00507429,United States,North America,USA
NCT00510640,France,Europe,FRA
NCT00513032,Switzerland,Europe,CHE
NCT00514046,United States,North America,USA
NCT00524238,Denmark,Europe,DNK
NCT00525122,Netherlands,Europe,NLD
NCT00537095,Belgium,Europe,BEL
NCT00537095,Denmark,Europe,DNK
NCT00537095,France,Europe,FRA
NCT00537095,Norway,Europe,NOR
NCT00537095,Spain,Europe,ESP
NCT00537095,Sweden,Europe,SWE
NCT00537095,Switzerland,Europe,CHE
NCT00538720,United States,North America,USA
NCT00551486,"Korea, Republic of",East Asia,KOR
NCT00552487,Germany,Europe,DEU
NCT00565864,United States,North America,USA
NCT00566488,United States,North America,USA
NCT00568438,United States,North America,USA
NCT00569920,Norway,Europe,NOR
NCT00573573,Canada,North America,CAN
NCT00580788,United States,North America,USA
NCT00581828,United States,North America,USA
NCT00582712,United States,North America,USA
NCT00591032,Germany,Europe,DEU
NCT00598364,United States,North America,USA
NCT00603941,United States,North America,USA
NCT00604318,Denmark,Europe,DNK
NCT00615537,United States,North America,USA
NCT00625846,Australia,Pacifica,AUS
NCT00625846,China,East Asia,CHN
NCT00625846,Singapore,Southeast Asia,SGP
NCT00625846,Taiwan,East Asia,TWN
NCT00625846,United States,North America,USA
NCT00647140,France,Europe,FRA
NCT00668811,United States,North America,USA
NCT00673010,United States,North America,USA
NCT00687778,Israel,Middle East,ISR
NCT00691990,Greece,Europe,GRC
NCT00692835,Greece,Europe,GRC
NCT00693147,Greece,Europe,GRC
NCT00704730,Austria,Europe,AUT
NCT00704730,Belgium,Europe,BEL
NCT00704730,Brazil,South America,BRA
NCT00704730,Canada,North America,CAN
NCT00704730,Chile,South America,CHL
NCT00704730,Denmark,Europe,DNK
NCT00704730,France,Europe,FRA
NCT00704730,Germany,Europe,DEU
NCT00704730,Greece,Europe,GRC
NCT00704730,India,South Asia,IND
NCT00704730,Israel,Middle East,ISR
NCT00704730,Italy,Europe,ITA
NCT00704730,"Korea, Republic of",East Asia,KOR
NCT00704730,Netherlands,Europe,NLD
NCT00704730,Peru,South America,PER
NCT00704730,Poland,Europe,POL
NCT00704730,Portugal,Europe,PRT
NCT00704730,Russian Federation,North Asia,RUS
NCT00704730,Saudi Arabia,Middle East,SAU
NCT00704730,Spain,Europe,ESP
NCT00704730,Sweden,Europe,SWE
NCT00704730,Switzerland,Europe,CHE
NCT00704730,United Kingdom,Europe,GBR
NCT00704730,United States,North America,USA
NCT00718770,United States,North America,USA
NCT00719615,United States,North America,USA
NCT00730210,Denmark,Europe,DNK
NCT00732615,Belgium,Europe,BEL
NCT00732615,Canada,North America,CAN
NCT00732615,Denmark,Europe,DNK
NCT00732615,France,Europe,FRA
NCT00732615,Hungary,Europe,HUN
NCT00732615,Italy,Europe,ITA
NCT00732615,United Kingdom,Europe,GBR
NCT00732615,United States,North America,USA
NCT00743782,United States,North America,USA
NCT00744302,China,East Asia,CHN
NCT00747760,Israel,Middle East,ISR
NCT00747760,United States,North America,USA
NCT00749697,United Kingdom,Europe,GBR
NCT00754182,Italy,Europe,ITA
NCT00770016,Denmark,Europe,DNK
NCT00784303,Australia,Pacifica,AUS
NCT00784303,France,Europe,FRA
NCT00784303,Italy,Europe,ITA
NCT00784303,Poland,Europe,POL
NCT00784303,United Kingdom,Europe,GBR
NCT00784303,United States,North America,USA
NCT00786552,Germany,Europe,DEU
NCT00793689,Greece,Europe,GRC
NCT00794053,Egypt,Africa,EGY
NCT00795782,"Korea, Republic of",East Asia,KOR
NCT00800358,Malaysia,Southeast Asia,MYS
NCT00818896,United States,North America,USA
NCT00824226,Estonia,Europe,EST
NCT00856401,United States,North America,USA
NCT00880503,United States,North America,USA
NCT00887666,United States,North America,USA
NCT00896454,Canada,North America,CAN
NCT00896454,France,Europe,FRA
NCT00896454,Italy,Europe,ITA
NCT00896454,Poland,Europe,POL
NCT00896454,United States,North America,USA
NCT00905866,Taiwan,East Asia,TWN
NCT00923247,United States,North America,USA
NCT00926978,United States,North America,USA
NCT00929318,Germany,Europe,DEU
NCT00936858,United States,North America,USA
NCT00941551,Poland,Europe,POL
NCT00946894,Poland,Europe,POL
NCT00948337,"Korea, Republic of",East Asia,KOR
NCT00970359,United States,North America,USA
NCT00975000,Australia,Pacifica,AUS
NCT00975000,Austria,Europe,AUT
NCT00975000,Belgium,Europe,BEL
NCT00975000,Canada,North America,CAN
NCT00975000,France,Europe,FRA
NCT00975000,Germany,Europe,DEU
NCT00975000,Italy,Europe,ITA
NCT00975000,Poland,Europe,POL
NCT00975000,Spain,Europe,ESP
NCT00975000,Switzerland,Europe,CHE
NCT00975000,United States,North America,USA
NCT00984191,Thailand,Southeast Asia,THA
NCT00984282,Austria,Europe,AUT
NCT00984282,Belgium,Europe,BEL
NCT00984282,Bulgaria,Europe,BGR
NCT00984282,China,East Asia,CHN
NCT00984282,Denmark,Europe,DNK
NCT00984282,France,Europe,FRA
NCT00984282,Germany,Europe,DEU
NCT00984282,Italy,Europe,ITA
NCT00984282,Japan,East Asia,JPN
NCT00984282,"Korea, Republic of",East Asia,KOR
NCT00984282,Netherlands,Europe,NLD
NCT00984282,Poland,Europe,POL
NCT00984282,Russian Federation,North Asia,RUS
NCT00984282,Saudi Arabia,Middle East,SAU
NCT00984282,Spain,Europe,ESP
NCT00984282,Sweden,Europe,SWE
NCT00984282,United Kingdom,Europe,GBR
NCT00984282,United States,North America,USA
NCT00993837,China,East Asia,CHN
NCT01003652,Belgium,Europe,BEL
NCT01005654,United States,North America,USA
NCT01013597,United States,North America,USA
NCT01025453,United States,North America,USA
NCT01039714,Greece,Europe,GRC
NCT01042626,Italy,Europe,ITA
NCT01043107,China,East Asia,CHN
NCT01074684,Italy,Europe,ITA
NCT01095341,Germany,Europe,DEU
NCT01100619,United States,North America,USA
NCT01102205,Turkey,Middle East,TUR
NCT01105923,United States,North America,USA
NCT01126060,"Korea, Republic of",East Asia,KOR
NCT01129492,Brazil,South America,BRA
NCT01141309,United States,North America,USA
NCT01143987,Hong Kong,East Asia,HKG
NCT01145040,Germany,Europe,DEU
NCT01150318,France,Europe,FRA
NCT01153945,Israel,Middle East,ISR
NCT01163669,United States,North America,USA
NCT01173289,"Korea, Republic of",East Asia,KOR
NCT01191762,United States,North America,USA
NCT01197183,France,Europe,FRA
NCT01199614,United States,North America,USA
NCT01204359,China,East Asia,CHN
NCT01221896,Israel,Middle East,ISR
NCT01223638,Israel,Middle East,ISR
NCT01226810,Israel,Middle East,ISR
NCT01236547,United States,North America,USA
NCT01240590,United States,North America,USA
NCT01263951,United States,North America,USA
NCT01265381,Ukraine,Europe,UKR
NCT01268098,United States,North America,USA
NCT01270321,United States,North America,USA
NCT01273714,Poland,Europe,POL
NCT01277510,Australia,Pacifica,AUS
NCT01277510,Belgium,Europe,BEL
NCT01277510,Germany,Europe,DEU
NCT01277510,Hungary,Europe,HUN
NCT01277510,Mexico,North America,MEX
NCT01277510,Poland,Europe,POL
NCT01277510,Russian Federation,North Asia,RUS
NCT01277510,Slovakia,Europe,SVK
NCT01277510,Spain,Europe,ESP
NCT01277510,United States,North America,USA
NCT01292044,France,Europe,FRA
NCT01297309,United States,North America,USA
NCT01298323,Australia,Pacifica,AUS
NCT01298323,Austria,Europe,AUT
NCT01298323,Belgium,Europe,BEL
NCT01298323,Brazil,South America,BRA
NCT01298323,Bulgaria,Europe,BGR
NCT01298323,Canada,North America,CAN
NCT01298323,China,East Asia,CHN
NCT01298323,Czechia,Europe,CZE
NCT01298323,Denmark,Europe,DNK
NCT01298323,Finland,Europe,FIN
NCT01298323,Germany,Europe,DEU
NCT01298323,Greece,Europe,GRC
NCT01298323,India,South Asia,IND
NCT01298323,Israel,Middle East,ISR
NCT01298323,Italy,Europe,ITA
NCT01298323,"Korea, Republic of",East Asia,KOR
NCT01298323,Poland,Europe,POL
NCT01298323,Russian Federation,North Asia,RUS
NCT01298323,Sweden,Europe,SWE
NCT01298323,United Kingdom,Europe,GBR
NCT01311089,"Korea, Republic of",East Asia,KOR
NCT01321554,Argentina,South America,ARG
NCT01321554,Australia,Pacifica,AUS
NCT01321554,Austria,Europe,AUT
NCT01321554,Belgium,Europe,BEL
NCT01321554,Brazil,South America,BRA
NCT01321554,Canada,North America,CAN
NCT01321554,Chile,South America,CHL
NCT01321554,Czechia,Europe,CZE
NCT01321554,Denmark,Europe,DNK
NCT01321554,France,Europe,FRA
NCT01321554,Germany,Europe,DEU
NCT01321554,Italy,Europe,ITA
NCT01321554,Japan,East Asia,JPN
NCT01321554,"Korea, Republic of",East Asia,KOR
NCT01321554,Poland,Europe,POL
NCT01321554,Portugal,Europe,PRT
NCT01321554,Romania,Europe,ROU
NCT01321554,Russian Federation,North Asia,RUS
NCT01321554,Spain,Europe,ESP
NCT01321554,Sweden,Europe,SWE
NCT01321554,Thailand,Southeast Asia,THA
NCT01321554,United Kingdom,Europe,GBR
NCT01321554,United States,North America,USA
NCT01325857,"Korea, Republic of",East Asia,KOR
NCT01333267,United States,North America,USA
NCT01338597,China,East Asia,CHN
NCT01349634,Canada,North America,CAN
NCT01354639,"Korea, Republic of",East Asia,KOR
NCT01358136,Denmark,Europe,DNK
NCT01373736,Canada,North America,CAN
NCT01374659,"Korea, Republic of",East Asia,KOR
NCT01376648,China,East Asia,CHN
NCT01379170,Netherlands,Europe,NLD
NCT01392222,United States,North America,USA
NCT01398085,United Kingdom,Europe,GBR
NCT01403324,France,Europe,FRA
NCT01412762,United States,North America,USA
NCT01417442,Turkey,Middle East,TUR
NCT01424878,United States,North America,USA
NCT01433809,United States,North America,USA
NCT01437254,Canada,North America,CAN
NCT01438554,United States,North America,USA
NCT01455181,Hungary,Europe,HUN
NCT01481402,Denmark,Europe,DNK
NCT01487057,Romania,Europe,ROU
NCT01488721,United States,North America,USA
NCT01496313,Czechia,Europe,CZE
NCT01496313,India,South Asia,IND
NCT01496313,Israel,Middle East,ISR
NCT01496313,Italy,Europe,ITA
NCT01496313,Netherlands,Europe,NLD
NCT01496313,Poland,Europe,POL
NCT01496313,Russian Federation,North Asia,RUS
NCT01496313,United Kingdom,Europe,GBR
NCT01496313,United States,North America,USA
NCT01498341,Denmark,Europe,DNK
NCT01501110,Brazil,South America,BRA
NCT01502410,Australia,Pacifica,AUS
NCT01502410,Canada,North America,CAN
NCT01502410,United States,North America,USA
NCT01510002,Poland,Europe,POL
NCT01511393,United States,North America,USA
NCT01512212,Turkey,Middle East,TUR
NCT01534897,United States,North America,USA
NCT01536678,India,South Asia,IND
NCT01539655,United States,North America,USA
NCT01551498,United States,North America,USA
NCT01552434,United States,North America,USA
NCT01565486,"Korea, Republic of",East Asia,KOR
NCT01573520,Switzerland,Europe,CHE
NCT01586520,United Kingdom,Europe,GBR
NCT01588288,France,Europe,FRA
NCT01616316,"Korea, Republic of",East Asia,KOR
NCT01625520,Italy,Europe,ITA
NCT01631305,Mexico,North America,MEX
NCT01640184,China,East Asia,CHN
NCT01641679,Netherlands,Europe,NLD
NCT01647750,United Kingdom,Europe,GBR
NCT01656070,Italy,Europe,ITA
NCT01658085,Spain,Europe,ESP
NCT01659385,United States,North America,USA
NCT01660984,United States,North America,USA
NCT01668238,China,East Asia,CHN
NCT01691781,United States,North America,USA
NCT01700699,Italy,Europe,ITA
NCT01707056,United States,North America,USA
NCT01709292,United States,North America,USA
NCT01709435,Canada,North America,CAN
NCT01709435,United States,North America,USA
NCT01723202,United States,North America,USA
NCT01728623,Japan,East Asia,JPN
NCT01730638,France,Europe,FRA
NCT01736163,Germany,Europe,DEU
NCT01736163,Italy,Europe,ITA
NCT01736163,Portugal,Europe,PRT
NCT01736163,Spain,Europe,ESP
NCT01736878,Germany,Europe,DEU
NCT01739634,United States,North America,USA
NCT01744743,China,East Asia,CHN
NCT01757470,Canada,North America,CAN
NCT01761149,China,East Asia,CHN
NCT01769157,"Korea, Republic of",East Asia,KOR
NCT01771523,Turkey,Middle East,TUR
NCT01774279,Ireland,Europe,IRL
NCT01774279,United Kingdom,Europe,GBR
NCT01776385,France,Europe,FRA
NCT01780584,Indonesia,Southeast Asia,IDN
NCT01781767,Israel,Middle East,ISR
NCT01792492,United States,North America,USA
NCT01800617,United States,North America,USA
NCT01811199,Turkey,Middle East,TUR
NCT01812395,Turkey,Middle East,TUR
NCT01813136,France,Europe,FRA
NCT01815021,Israel,Middle East,ISR
NCT01831869,China,East Asia,CHN
NCT01833650,Cyprus,Middle East,CYP
NCT01838642,United States,North America,USA
NCT01840332,Estonia,Europe,EST
NCT01843062,Brazil,South America,BRA
NCT01843062,Denmark,Europe,DNK
NCT01843062,France,Europe,FRA
NCT01843062,Germany,Europe,DEU
NCT01843062,Italy,Europe,ITA
NCT01843062,Poland,Europe,POL
NCT01843062,Sweden,Europe,SWE
NCT01843062,United States,North America,USA
NCT01848171,China,East Asia,CHN
NCT01862510,United States,North America,USA
NCT01865838,Singapore,Southeast Asia,SGP
NCT01872429,Taiwan,East Asia,TWN
NCT01876784,Brazil,South America,BRA
NCT01876784,China,East Asia,CHN
NCT01876784,Czechia,Europe,CZE
NCT01876784,Denmark,Europe,DNK
NCT01876784,France,Europe,FRA
NCT01876784,Italy,Europe,ITA
NCT01876784,Japan,East Asia,JPN
NCT01876784,Poland,Europe,POL
NCT01876784,Russian Federation,North Asia,RUS
NCT01876784,Spain,Europe,ESP
NCT01876784,Sweden,Europe,SWE
NCT01876784,United States,North America,USA
NCT01882816,United States,North America,USA
NCT01896479,Australia,Pacifica,AUS
NCT01896479,Canada,North America,CAN
NCT01896479,Croatia,Europe,HRV
NCT01896479,France,Europe,FRA
NCT01896479,Hungary,Europe,HUN
NCT01896479,Israel,Middle East,ISR
NCT01896479,Italy,Europe,ITA
NCT01896479,"Korea, Republic of",East Asia,KOR
NCT01896479,Netherlands,Europe,NLD
NCT01896479,Poland,Europe,POL
NCT01896479,Romania,Europe,ROU
NCT01896479,Russian Federation,North Asia,RUS
NCT01896479,Spain,Europe,ESP
NCT01896479,Sweden,Europe,SWE
NCT01907997,"Korea, Republic of",East Asia,KOR
NCT01915485,Brazil,South America,BRA
NCT01916018,France,Europe,FRA
NCT01916304,Belgium,Europe,BEL
NCT01921452,China,East Asia,CHN
NCT01922440,Austria,Europe,AUT
NCT01922440,Canada,North America,CAN
NCT01922440,Denmark,Europe,DNK
NCT01922440,Germany,Europe,DEU
NCT01922440,Greece,Europe,GRC
NCT01922440,Italy,Europe,ITA
NCT01922440,Norway,Europe,NOR
NCT01922440,Spain,Europe,ESP
NCT01922440,Sweden,Europe,SWE
NCT01922440,United Kingdom,Europe,GBR
NCT01922440,United States,North America,USA
NCT01935856,Japan,East Asia,JPN
NCT01945229,Sweden,Europe,SWE
NCT01947023,United States,North America,USA
NCT01954134,Turkey,Middle East,TUR
NCT01964144,"Korea, Republic of",East Asia,KOR
NCT01964508,Israel,Middle East,ISR
NCT01974284,United States,North America,USA
NCT01994200,Canada,North America,CAN
NCT01997554,France,Europe,FRA
NCT02005250,Denmark,Europe,DNK
NCT02012231,United States,North America,USA
NCT02012686,"Korea, Republic of",East Asia,KOR
NCT02012699,United States,North America,USA
NCT02013479,Denmark,Europe,DNK
NCT02018276,"Korea, Republic of",East Asia,KOR
NCT02062632,United States,North America,USA
NCT02084732,Colombia,South America,COL
NCT02088645,Switzerland,Europe,CHE
NCT02094079,Denmark,Europe,DNK
NCT02114658,Japan,East Asia,JPN
NCT02133040,Denmark,Europe,DNK
NCT02145143,United States,North America,USA
NCT02152137,United States,North America,USA
NCT02152228,Israel,Middle East,ISR
NCT02156362,France,Europe,FRA
NCT02178345,United States,North America,USA
NCT02185560,Japan,East Asia,JPN
NCT02208544,Netherlands,Europe,NLD
NCT02223052,United States,North America,USA
NCT02225509,France,Europe,FRA
NCT02240563,Brazil,South America,BRA
NCT02244463,United States,North America,USA
NCT02278198,United States,North America,USA
NCT02280330,Philippines,Southeast Asia,PHL
NCT02301520,Haiti,Central America,HTI
NCT02303444,Algeria,Africa,DZA
NCT02303444,Argentina,South America,ARG
NCT02303444,Brazil,South America,BRA
NCT02303444,Egypt,Africa,EGY
NCT02303444,France,Europe,FRA
NCT02303444,Germany,Europe,DEU
NCT02303444,Greece,Europe,GRC
NCT02303444,India,South Asia,IND
NCT02303444,Japan,East Asia,JPN
NCT02303444,Lebanon,Middle East,LBN
NCT02303444,Mexico,North America,MEX
NCT02303444,Netherlands,Europe,NLD
NCT02303444,Philippines,Southeast Asia,PHL
NCT02303444,Russian Federation,North Asia,RUS
NCT02303444,Saudi Arabia,Middle East,SAU
NCT02303444,Spain,Europe,ESP
NCT02303444,Taiwan,East Asia,TWN
NCT02303444,Turkey,Middle East,TUR
NCT02303444,United States,North America,USA
NCT02304757,China,East Asia,CHN
NCT02307175,Canada,North America,CAN
NCT02317926,United States,North America,USA
NCT02323724,Spain,Europe,ESP
NCT02347683,United States,North America,USA
NCT02363647,United States,North America,USA
NCT02364102,Switzerland,Europe,CHE
NCT02374593,United States,North America,USA
NCT02375451,United States,North America,USA
NCT02383927,Belgium,Europe,BEL
NCT02383927,France,Europe,FRA
NCT02383927,Germany,Europe,DEU
NCT02383927,Greece,Europe,GRC
NCT02383927,Italy,Europe,ITA
NCT02383927,"Korea, Republic of",East Asia,KOR
NCT02383927,Netherlands,Europe,NLD
NCT02383927,Spain,Europe,ESP
NCT02383927,United Kingdom,Europe,GBR
NCT02383927,United States,North America,USA
NCT02390934,France,Europe,FRA
NCT02404441,Canada,North America,CAN
NCT02404441,France,Europe,FRA
NCT02404441,Germany,Europe,DEU
NCT02404441,Hungary,Europe,HUN
NCT02404441,Italy,Europe,ITA
NCT02404441,Lebanon,Middle East,LBN
NCT02404441,Netherlands,Europe,NLD
NCT02404441,Norway,Europe,NOR
NCT02404441,Poland,Europe,POL
NCT02404441,Spain,Europe,ESP
NCT02404441,Taiwan,East Asia,TWN
NCT02404441,Thailand,Southeast Asia,THA
NCT02404441,Turkey,Middle East,TUR
NCT02404441,United States,North America,USA
NCT02411461,United States,North America,USA
NCT02412150,"Korea, Republic of",East Asia,KOR
NCT02418247,"Korea, Republic of",East Asia,KOR
NCT02418390,"Korea, Republic of",East Asia,KOR
NCT02430714,Japan,East Asia,JPN
NCT02442661,United States,North America,USA
NCT02456701,United States,North America,USA
NCT02465060,Guam,Pacifica,GUM
NCT02465060,Puerto Rico,Central America,PRI
NCT02465060,United States,North America,USA
NCT02465424,United Kingdom,Europe,GBR
NCT02467244,India,South Asia,IND
NCT02468921,Denmark,Europe,DNK
NCT02472080,France,Europe,FRA
NCT02499471,Netherlands,Europe,NLD
NCT02512978,China,East Asia,CHN
NCT02514187,Canada,North America,CAN
NCT02515084,France,Europe,FRA
NCT02524041,France,Europe,FRA
NCT02561533,Denmark,Europe,DNK
NCT02567877,United States,North America,USA
NCT02568267,Australia,Pacifica,AUS
NCT02568267,Belgium,Europe,BEL
NCT02568267,China,East Asia,CHN
NCT02568267,France,Europe,FRA
NCT02568267,Germany,Europe,DEU
NCT02568267,Hong Kong,East Asia,HKG
NCT02568267,Italy,Europe,ITA
NCT02568267,Japan,East Asia,JPN
NCT02568267,"Korea, Republic of",East Asia,KOR
NCT02568267,Netherlands,Europe,NLD
NCT02568267,Poland,Europe,POL
NCT02568267,Singapore,Southeast Asia,SGP
NCT02568267,Spain,Europe,ESP
NCT02568267,Taiwan,East Asia,TWN
NCT02568267,United Kingdom,Europe,GBR
NCT02568267,United States,North America,USA
NCT02577367,United States,North America,USA
NCT02586337,China,East Asia,CHN
NCT02586350,China,East Asia,CHN
NCT02591160,United States,North America,USA
NCT02592356,United States,North America,USA
NCT02602717,France,Europe,FRA
NCT02614495,China,East Asia,CHN
NCT02628067,Australia,Pacifica,AUS
NCT02628067,Brazil,South America,BRA
NCT02628067,Canada,North America,CAN
NCT02628067,China,East Asia,CHN
NCT02628067,Colombia,South America,COL
NCT02628067,Denmark,Europe,DNK
NCT02628067,France,Europe,FRA
NCT02628067,Germany,Europe,DEU
NCT02628067,Israel,Middle East,ISR
NCT02628067,Italy,Europe,ITA
NCT02628067,"Korea, Republic of",East Asia,KOR
NCT02628067,Netherlands,Europe,NLD
NCT02628067,Norway,Europe,NOR
NCT02628067,Philippines,Southeast Asia,PHL
NCT02628067,Russian Federation,North Asia,RUS
NCT02628067,South Africa,Africa,ZAF
NCT02628067,Spain,Europe,ESP
NCT02628067,Taiwan,East Asia,TWN
NCT02628067,United States,North America,USA
NCT02638077,China,East Asia,CHN
NCT02644707,Greece,Europe,GRC
NCT02648399,China,East Asia,CHN
NCT02651818,Denmark,Europe,DNK
NCT02657369,Australia,Pacifica,AUS
NCT02657369,France,Europe,FRA
NCT02657369,Italy,Europe,ITA
NCT02657369,United Kingdom,Europe,GBR
NCT02657369,United States,North America,USA
NCT02657551,United States,North America,USA
NCT02658513,United Kingdom,Europe,GBR
NCT02688608,United States,North America,USA
NCT02702388,Australia,Pacifica,AUS
NCT02702388,Belgium,Europe,BEL
NCT02702388,Canada,North America,CAN
NCT02702388,Denmark,Europe,DNK
NCT02702388,France,Europe,FRA
NCT02702388,Germany,Europe,DEU
NCT02702388,Israel,Middle East,ISR
NCT02702388,Italy,Europe,ITA
NCT02702388,"Korea, Republic of",East Asia,KOR
NCT02702388,Poland,Europe,POL
NCT02702388,Romania,Europe,ROU
NCT02702388,Russian Federation,North Asia,RUS
NCT02702388,Spain,Europe,ESP
NCT02702388,Sweden,Europe,SWE
NCT02702388,United Kingdom,Europe,GBR
NCT02702388,United States,North America,USA
NCT02706743,China,East Asia,CHN
NCT02709889,United States,North America,USA
NCT02711059,Sweden,Europe,SWE
NCT02713269,United States,North America,USA
NCT02726282,United States,North America,USA
NCT02726503,Japan,East Asia,JPN
NCT02731352,China,East Asia,CHN
NCT02747888,United States,North America,USA
NCT02747979,China,East Asia,CHN
NCT02758158,Canada,North America,CAN
NCT02766283,Israel,Middle East,ISR
NCT02767245,Thailand,Southeast Asia,THA
NCT02768753,China,East Asia,CHN
NCT02773667,Germany,Europe,DEU
NCT02781844,Canada,North America,CAN
NCT02781844,Denmark,Europe,DNK
NCT02781844,Hungary,Europe,HUN
NCT02781844,United States,North America,USA
NCT02812888,China,East Asia,CHN
NCT02814032,China,East Asia,CHN
NCT02826746,"Korea, Republic of",East Asia,KOR
NCT02834013,Guam,Pacifica,GUM
NCT02834013,United States,North America,USA
NCT02838927,France,Europe,FRA
NCT02856347,France,Europe,FRA
NCT02867592,United States,North America,USA
NCT02869620,France,Europe,FRA
NCT02870569,China,East Asia,CHN
NCT02878044,United States,North America,USA
NCT02886949,Taiwan,East Asia,TWN
NCT02891668,Denmark,Europe,DNK
NCT02901873,United Kingdom,Europe,GBR
NCT02910466,United States,North America,USA
NCT02911155,United States,North America,USA
NCT02917863,Italy,Europe,ITA
NCT02938702,"Korea, Republic of",East Asia,KOR
NCT02947035,United States,North America,USA
NCT02947399,United States,North America,USA
NCT02952612,"Korea, Republic of",East Asia,KOR
NCT02959827,United States,North America,USA
NCT02986607,Norway,Europe,NOR
NCT02988817,Belgium,Europe,BEL
NCT02988817,Denmark,Europe,DNK
NCT02988817,Netherlands,Europe,NLD
NCT02988817,Spain,Europe,ESP
NCT02988817,United Kingdom,Europe,GBR
NCT02988817,United States,North America,USA
NCT02993562,Denmark,Europe,DNK
NCT03024151,"Korea, Republic of",East Asia,KOR
NCT03027349,Italy,Europe,ITA
NCT03029429,United States,North America,USA
NCT03031639,Thailand,Southeast Asia,THA
NCT03037385,Belgium,Europe,BEL
NCT03037385,China,East Asia,CHN
NCT03037385,France,Europe,FRA
NCT03037385,Germany,Europe,DEU
NCT03037385,Hong Kong,East Asia,HKG
NCT03037385,Italy,Europe,ITA
NCT03037385,"Korea, Republic of",East Asia,KOR
NCT03037385,Netherlands,Europe,NLD
NCT03037385,Singapore,Southeast Asia,SGP
NCT03037385,Spain,Europe,ESP
NCT03037385,Taiwan,East Asia,TWN
NCT03037385,United Kingdom,Europe,GBR
NCT03037385,United States,North America,USA
NCT03044600,United States,North America,USA
NCT03048877,China,East Asia,CHN
NCT03053115,Italy,Europe,ITA
NCT03053999,United States,North America,USA
NCT03064542,Singapore,Southeast Asia,SGP
NCT03065218,United States,North America,USA
NCT03085056,United States,North America,USA
NCT03085615,United States,North America,USA
NCT03099356,United States,North America,USA
NCT03103776,France,Europe,FRA
NCT03127098,United States,North America,USA
NCT03139747,United States,North America,USA
NCT03150108,United States,North America,USA
NCT03157128,Australia,Pacifica,AUS
NCT03157128,Canada,North America,CAN
NCT03157128,Denmark,Europe,DNK
NCT03157128,France,Europe,FRA
NCT03157128,Germany,Europe,DEU
NCT03157128,Hong Kong,East Asia,HKG
NCT03157128,Israel,Middle East,ISR
NCT03157128,Italy,Europe,ITA
NCT03157128,Japan,East Asia,JPN
NCT03157128,"Korea, Republic of",East Asia,KOR
NCT03157128,Singapore,Southeast Asia,SGP
NCT03157128,Spain,Europe,ESP
NCT03157128,Switzerland,Europe,CHE
NCT03157128,Taiwan,East Asia,TWN
NCT03157128,United Kingdom,Europe,GBR
NCT03157128,United States,North America,USA
NCT03160274,United States,North America,USA
NCT03170804,United States,North America,USA
NCT03170960,Australia,Pacifica,AUS
NCT03170960,Belgium,Europe,BEL
NCT03170960,France,Europe,FRA
NCT03170960,Germany,Europe,DEU
NCT03170960,Italy,Europe,ITA
NCT03170960,Netherlands,Europe,NLD
NCT03170960,Spain,Europe,ESP
NCT03170960,United Kingdom,Europe,GBR
NCT03170960,United States,North America,USA
NCT03176485,United States,North America,USA
NCT03181100,United States,North America,USA
NCT03196518,United States,North America,USA
NCT03203668,Slovenia,Europe,SVN
NCT03215095,United States,North America,USA
NCT03246659,Austria,Europe,AUT
NCT03246659,Germany,Europe,DEU
NCT03246659,Netherlands,Europe,NLD
NCT03246659,Poland,Europe,POL
NCT03246659,Slovenia,Europe,SVN
NCT03246958,United States,North America,USA
NCT03289403,Egypt,Africa,EGY
NCT03294005,Taiwan,East Asia,TWN
NCT03300765,China,East Asia,CHN
NCT03324880,Belgium,Europe,BEL
NCT03324880,Canada,North America,CAN
NCT03324880,Denmark,Europe,DNK
NCT03324880,France,Europe,FRA
NCT03324880,Germany,Europe,DEU
NCT03324880,Italy,Europe,ITA
NCT03324880,Netherlands,Europe,NLD
NCT03324880,Norway,Europe,NOR
NCT03324880,Portugal,Europe,PRT
NCT03324880,Spain,Europe,ESP
NCT03324880,Sweden,Europe,SWE
NCT03324880,United Kingdom,Europe,GBR
NCT03324880,United States,North America,USA
NCT03342001,United States,North America,USA
NCT03360890,United States,North America,USA
NCT03364738,Canada,North America,CAN
NCT03364738,Denmark,Europe,DNK
NCT03364738,Hungary,Europe,HUN
NCT03364738,United States,North America,USA
NCT03375931,"Korea, Republic of",East Asia,KOR
NCT03377829,China,East Asia,CHN
NCT03377829,Italy,Europe,ITA
NCT03379181,Switzerland,Europe,CHE
NCT03392402,Poland,Europe,POL
NCT03397238,Netherlands,Europe,NLD
NCT03411187,China,East Asia,CHN
NCT03416686,France,Europe,FRA
NCT03432299,"Korea, Republic of",East Asia,KOR
NCT03437174,Germany,Europe,DEU
NCT03444246,China,East Asia,CHN
NCT03449108,United States,North America,USA
NCT03454464,China,East Asia,CHN
NCT03454477,China,East Asia,CHN
NCT03463889,United States,North America,USA
NCT03465176,United States,North America,USA
NCT03469011,Canada,North America,CAN
NCT03470259,Netherlands,Europe,NLD
NCT03475953,France,Europe,FRA
NCT03479801,China,East Asia,CHN
NCT03483337,United States,North America,USA
NCT03484884,United States,North America,USA
NCT03488134,Taiwan,East Asia,TWN
NCT03500666,China,East Asia,CHN
NCT03506048,United States,North America,USA
NCT03510143,"Korea, Republic of",East Asia,KOR
NCT03514251,China,East Asia,CHN
NCT03516773,Israel,Middle East,ISR
NCT03530033,China,East Asia,CHN
NCT03547648,Turkey,Middle East,TUR
NCT03555487,Taiwan,East Asia,TWN
NCT03565536,China,East Asia,CHN
NCT03570021,France,Europe,FRA
NCT03573960,India,South Asia,IND
NCT03577951,China,East Asia,CHN
NCT03602495,China,East Asia,CHN
NCT03612908,Mexico,North America,MEX
NCT03615456,Egypt,Africa,EGY
NCT03623516,France,Europe,FRA
NCT03624751,Taiwan,East Asia,TWN
NCT03627611,Norway,Europe,NOR
NCT03630120,United States,North America,USA
NCT03636945,France,Europe,FRA
NCT03639662,France,Europe,FRA
NCT03640247,United States,North America,USA
NCT03643055,Slovenia,Europe,SVN
NCT03647358,United States,North America,USA
NCT03647657,Switzerland,Europe,CHE
NCT03657654,United States,North America,USA
NCT03676348,Norway,Europe,NOR
NCT03680222,China,East Asia,CHN
NCT03690388,Argentina,South America,ARG
NCT03690388,Australia,Pacifica,AUS
NCT03690388,Austria,Europe,AUT
NCT03690388,Belgium,Europe,BEL
NCT03690388,Brazil,South America,BRA
NCT03690388,Canada,North America,CAN
NCT03690388,Croatia,Europe,HRV
NCT03690388,Czechia,Europe,CZE
NCT03690388,France,Europe,FRA
NCT03690388,Germany,Europe,DEU
NCT03690388,Hong Kong,East Asia,HKG
NCT03690388,Hungary,Europe,HUN
NCT03690388,Israel,Middle East,ISR
NCT03690388,Italy,Europe,ITA
NCT03690388,"Korea, Republic of",East Asia,KOR
NCT03690388,Mexico,North America,MEX
NCT03690388,Netherlands,Europe,NLD
NCT03690388,Poland,Europe,POL
NCT03690388,Romania,Europe,ROU
NCT03690388,Russian Federation,North Asia,RUS
NCT03690388,Spain,Europe,ESP
NCT03690388,Taiwan,East Asia,TWN
NCT03690388,Thailand,Southeast Asia,THA
NCT03690388,United Kingdom,Europe,GBR
NCT03690388,United States,North America,USA
NCT03720210,United States,North America,USA
NCT03728959,Denmark,Europe,DNK
NCT03747029,Italy,Europe,ITA
NCT03754621,Turkey,Middle East,TUR
NCT03757637,Taiwan,East Asia,TWN
NCT03765333,Spain,Europe,ESP
NCT03779906,United States,North America,USA
NCT03787121,France,Europe,FRA
NCT03794375,Brazil,South America,BRA
NCT03823859,Switzerland,Europe,CHE
NCT03826680,Turkey,Middle East,TUR
NCT03841617,United States,North America,USA
NCT03871387,"Korea, Republic of",East Asia,KOR
NCT03889769,Italy,Europe,ITA
NCT03892993,United States,North America,USA
NCT03899792,Australia,Pacifica,AUS
NCT03899792,Canada,North America,CAN
NCT03899792,Denmark,Europe,DNK
NCT03899792,France,Europe,FRA
NCT03899792,Germany,Europe,DEU
NCT03899792,Italy,Europe,ITA
NCT03899792,Japan,East Asia,JPN
NCT03899792,"Korea, Republic of",East Asia,KOR
NCT03899792,Spain,Europe,ESP
NCT03899792,United Kingdom,Europe,GBR
NCT03899792,United States,North America,USA
NCT03905369,Netherlands,Europe,NLD
NCT03914300,United States,North America,USA
NCT03926585,Denmark,Europe,DNK
NCT03942380,Denmark,Europe,DNK
NCT03951532,France,Europe,FRA
NCT03968510,Turkey,Middle East,TUR
NCT03973450,Italy,Europe,ITA
NCT03975231,United States,North America,USA
NCT03977207,United States,North America,USA
NCT03986437,France,Europe,FRA
NCT03988517,Qatar,Middle East,QAT
NCT04000880,United States,North America,USA
NCT04009291,Canada,North America,CAN
NCT04009291,Denmark,Europe,DNK
NCT04009291,Germany,Europe,DEU
NCT04009291,Italy,Europe,ITA
NCT04009291,Norway,Europe,NOR
NCT04009291,United States,North America,USA
NCT04028479,United States,North America,USA
NCT04031339,Italy,Europe,ITA
NCT04040673,United Kingdom,Europe,GBR
NCT04051099,Thailand,Southeast Asia,THA
NCT04053647,France,Europe,FRA
NCT04059380,Italy,Europe,ITA
NCT04061980,United States,North America,USA
NCT04072731,China,East Asia,CHN
NCT04076514,Egypt,Africa,EGY
NCT04098991,United States,North America,USA
NCT04104529,France,Europe,FRA
NCT04124705,United States,North America,USA
NCT04126941,France,Europe,FRA
NCT04129411,United States,North America,USA
NCT04133870,United Kingdom,Europe,GBR
NCT04136912,United States,North America,USA
NCT04137185,China,East Asia,CHN
NCT04139096,France,Europe,FRA
NCT04160637,Croatia,Europe,HRV
NCT04161391,"Korea, Republic of",East Asia,KOR
NCT04161391,United States,North America,USA
NCT04197960,China,East Asia,CHN
NCT04209179,Canada,North America,CAN
NCT04209179,Hungary,Europe,HUN
NCT04209179,United States,North America,USA
NCT04211337,Australia,Pacifica,AUS
NCT04211337,Belgium,Europe,BEL
NCT04211337,Brazil,South America,BRA
NCT04211337,Canada,North America,CAN
NCT04211337,China,East Asia,CHN
NCT04211337,Czechia,Europe,CZE
NCT04211337,France,Europe,FRA
NCT04211337,Germany,Europe,DEU
NCT04211337,Greece,Europe,GRC
NCT04211337,India,South Asia,IND
NCT04211337,Israel,Middle East,ISR
NCT04211337,Italy,Europe,ITA
NCT04211337,Japan,East Asia,JPN
NCT04211337,"Korea, Republic of",East Asia,KOR
NCT04211337,Netherlands,Europe,NLD
NCT04211337,Poland,Europe,POL
NCT04211337,Russian Federation,North Asia,RUS
NCT04211337,Spain,Europe,ESP
NCT04211337,Taiwan,East Asia,TWN
NCT04211337,United Kingdom,Europe,GBR
NCT04211337,United States,North America,USA
NCT04224792,United States,North America,USA
NCT04238624,United States,North America,USA
NCT04240821,United States,North America,USA
NCT04248166,"Korea, Republic of",East Asia,KOR
NCT04252001,Belgium,Europe,BEL
NCT04252001,Netherlands,Europe,NLD
NCT04252001,Spain,Europe,ESP
NCT04252001,United Kingdom,Europe,GBR
NCT04274829,Italy,Europe,ITA
NCT04280081,China,East Asia,CHN
NCT04285476,France,Europe,FRA
NCT04290663,France,Europe,FRA
NCT04304573,Croatia,Europe,HRV
NCT04309136,China,East Asia,CHN
NCT04312087,China,East Asia,CHN
NCT04316845,Taiwan,East Asia,TWN
NCT04320901,"Korea, Republic of",East Asia,KOR
NCT04321954,United States,North America,USA
NCT04327999,United States,North America,USA
NCT04332770,"Korea, Republic of",East Asia,KOR
NCT04336696,Egypt,Africa,EGY
NCT04339478,Greece,Europe,GRC
NCT04339478,Jordan,Middle East,JOR
NCT04339478,Turkey,Middle East,TUR
NCT04346901,Indonesia,Southeast Asia,IDN
NCT04372225,France,Europe,FRA
NCT04391244,United Kingdom,Europe,GBR
NCT04400474,Spain,Europe,ESP
NCT04420689,United States,North America,USA
NCT04420754,United States,North America,USA
NCT04447183,China,East Asia,CHN
NCT04459273,United States,North America,USA
NCT04462471,United States,North America,USA
NCT04472988,Romania,Europe,ROU
NCT04481893,France,Europe,FRA
NCT04495985,United States,North America,USA
NCT04521348,China,East Asia,CHN
NCT04522570,Brazil,South America,BRA
NCT04524884,China,East Asia,CHN
NCT04528225,China,East Asia,CHN
NCT04544111,United States,North America,USA
NCT04551170,United States,North America,USA
NCT04552769,United States,North America,USA
NCT04554680,Singapore,Southeast Asia,SGP
NCT04560426,China,East Asia,CHN
NCT04563780,Egypt,Africa,EGY
NCT04569513,Taiwan,East Asia,TWN
NCT04574817,China,East Asia,CHN
NCT04579757,United States,North America,USA
NCT04589624,United States,North America,USA
NCT04589884,France,Europe,FRA
NCT04594720,Taiwan,East Asia,TWN
NCT04600349,Romania,Europe,ROU
NCT04612894,China,East Asia,CHN
NCT04619316,Germany,Europe,DEU
NCT04623801,United States,North America,USA
NCT04624477,Canada,North America,CAN
NCT04644315,United States,North America,USA
NCT04648722,Austria,Europe,AUT
NCT04664413,Italy,Europe,ITA
NCT04675710,United States,North America,USA
NCT04693377,United States,North America,USA
NCT04693936,Greece,Europe,GRC
NCT04701203,Canada,North America,CAN
NCT04701203,Denmark,Europe,DNK
NCT04701203,Germany,Europe,DEU
NCT04701203,Hungary,Europe,HUN
NCT04701203,Italy,Europe,ITA
NCT04701203,Norway,Europe,NOR
NCT04701203,United States,North America,USA
NCT04704349,France,Europe,FRA
NCT04706962,United States,North America,USA
NCT04712760,France,Europe,FRA
NCT04731467,Israel,Middle East,ISR
NCT04731467,United States,North America,USA
NCT04734457,Egypt,Africa,EGY
NCT04739566,Russian Federation,North Asia,RUS
NCT04742608,United States,North America,USA
NCT04742959,United States,North America,USA
NCT04745793,France,Europe,FRA
NCT04747275,United States,North America,USA
NCT04752202,Poland,Europe,POL
NCT04754607,Turkey,Middle East,TUR
NCT04759911,United States,North America,USA
NCT04760288,Argentina,South America,ARG
NCT04760288,Australia,Pacifica,AUS
NCT04760288,Austria,Europe,AUT
NCT04760288,Brazil,South America,BRA
NCT04760288,Bulgaria,Europe,BGR
NCT04760288,Canada,North America,CAN
NCT04760288,Croatia,Europe,HRV
NCT04760288,Denmark,Europe,DNK
NCT04760288,France,Europe,FRA
NCT04760288,Greece,Europe,GRC
NCT04760288,Hungary,Europe,HUN
NCT04760288,India,South Asia,IND
NCT04760288,Israel,Middle East,ISR
NCT04760288,Italy,Europe,ITA
NCT04760288,"Korea, Republic of",East Asia,KOR
NCT04760288,Netherlands,Europe,NLD
NCT04760288,Philippines,Southeast Asia,PHL
NCT04760288,Poland,Europe,POL
NCT04760288,Portugal,Europe,PRT
NCT04760288,Romania,Europe,ROU
NCT04760288,Spain,Europe,ESP
NCT04760288,Thailand,Southeast Asia,THA
NCT04760288,Ukraine,Europe,UKR
NCT04760288,United Kingdom,Europe,GBR
NCT04760288,United States,North America,USA
NCT04778865,Chile,South America,CHL
NCT04784208,India,South Asia,IND
NCT04787328,China,East Asia,CHN
NCT04795947,China,East Asia,CHN
NCT04802876,Spain,Europe,ESP
NCT04806269,"Korea, Republic of",East Asia,KOR
NCT04821336,France,Europe,FRA
NCT04825964,Turkey,Middle East,TUR
NCT04831957,Belgium,Europe,BEL
NCT04853680,"Korea, Republic of",East Asia,KOR
NCT04857086,China,East Asia,CHN
NCT04858867,Netherlands,Europe,NLD
NCT04860622,Turkey,Middle East,TUR
NCT04868045,United States,North America,USA
NCT04876287,France,Europe,FRA
NCT04877665,Pakistan,South Asia,PAK
NCT04878614,United States,North America,USA
NCT04880798,China,East Asia,CHN
NCT04892303,United States,North America,USA
NCT04904159,Turkey,Middle East,TUR
NCT04922801,United Kingdom,Europe,GBR
NCT04940052,China,East Asia,CHN
NCT04940052,India,South Asia,IND
NCT04940052,"Korea, Republic of",East Asia,KOR
NCT04940052,Malaysia,Southeast Asia,MYS
NCT04940052,Taiwan,East Asia,TWN
NCT04940052,Turkey,Middle East,TUR
NCT04946123,Italy,Europe,ITA
NCT04948437,Taiwan,East Asia,TWN
NCT04952012,China,East Asia,CHN
NCT04952493,China,East Asia,CHN
NCT04964284,China,East Asia,CHN
NCT04970134,Spain,Europe,ESP
NCT04971473,China,East Asia,CHN
NCT05003856,United States,North America,USA
NCT05014698,France,Europe,FRA
NCT05015725,Hungary,Europe,HUN
NCT05022667,United States,North America,USA
NCT05024929,United States,North America,USA
NCT05025046,China,East Asia,CHN
NCT05033496,Israel,Middle East,ISR
NCT05043584,Denmark,Europe,DNK
NCT05049551,Monaco,Europe,MCO
NCT05052359,Singapore,Southeast Asia,SGP
NCT05054634,Spain,Europe,ESP
NCT05077865,United States,North America,USA
NCT05078853,Israel,Middle East,ISR
NCT05102292,China,East Asia,CHN
NCT05103956,Spain,Europe,ESP
NCT05114980,United States,North America,USA
NCT05124938,Egypt,Africa,EGY
NCT05132205,United States,North America,USA
NCT05132478,United States,North America,USA
NCT05152927,United States,North America,USA
NCT05172921,United States,North America,USA
NCT05175404,Belgium,Europe,BEL
NCT05178186,Italy,Europe,ITA
NCT05182931,Australia,Pacifica,AUS
NCT05191927,China,East Asia,CHN
NCT05218395,China,East Asia,CHN
NCT05228184,United States,North America,USA
NCT05240911,China,East Asia,CHN
NCT05241834,United States,North America,USA
NCT05247476,China,East Asia,CHN
NCT05252884,Colombia,South America,COL
NCT05260255,Thailand,Southeast Asia,THA
NCT05263141,China,East Asia,CHN
NCT05275946,Japan,East Asia,JPN
NCT05278364,China,East Asia,CHN
NCT05294393,Greece,Europe,GRC
NCT05314790,Italy,Europe,ITA
NCT05328076,Italy,Europe,ITA
NCT05346419,Mexico,North America,MEX
NCT05385029,Saudi Arabia,Middle East,SAU
NCT03191188,United States,North America,USA
NCT03369405,United States,North America,USA
NCT03414021,France,Europe,FRA
NCT04279184,Denmark,Europe,DNK
NCT04351945,Hungary,Europe,HUN
NCT04427904,Canada,North America,CAN
NCT04471597,Egypt,Africa,EGY
NCT04542278,United States,North America,USA
NCT04794257,Poland,Europe,POL
NCT04842942,Canada,North America,CAN
NCT04943146,China,East Asia,CHN
