index,nct_id,location,continent,iso
0,NCT00001159,United States,North America,USA
10,NCT00001277,United States,North America,USA
18,NCT00004048,United States,North America,USA
20,NCT00004074,United States,North America,USA
25,NCT00004089,United States,North America,USA
27,NCT00004340,United States,North America,USA
30,NCT00004351,United States,North America,USA
33,NCT00004660,United States,North America,USA
42,NCT00005102,United States,North America,USA
47,NCT00037193,United States,North America,USA
64,NCT00053547,United States,North America,USA
65,NCT00060242,United States,North America,USA
66,NCT00061906,United States,North America,USA
67,NCT00068497,United States,North America,USA
73,NCT00073710,United States,North America,USA
76,NCT00077103,United States,North America,USA
79,NCT00085293,United States,North America,USA
87,NCT00095693,United States,North America,USA
91,NCT00095836,United States,North America,USA
93,NCT00098813,United States,North America,USA
96,NCT00098852,United States,North America,USA
97,NCT00100828,United States,North America,USA
98,NCT00103155,United States,North America,USA
99,NCT00104871,United States,North America,USA
102,NCT00105274,United States,North America,USA
104,NCT00108394,United States,North America,USA
116,NCT00118248,United States,North America,USA
120,NCT00123461,Puerto Rico,Central America,PRI
120,NCT00123461,United States,North America,USA
131,NCT00134043,United States,North America,USA
137,NCT00145366,Denmark,Europe,DNK
140,NCT00147433,United States,North America,USA
142,NCT00150111,Denmark,Europe,DNK
147,NCT00150124,Denmark,Europe,DNK
152,NCT00150137,Denmark,Europe,DNK
154,NCT00150150,Denmark,Europe,DNK
158,NCT00161109,Netherlands,Europe,NLD
158,NCT00161109,United States,North America,USA
161,NCT00174057,Taiwan,East Asia,TWN
166,NCT00175149,Denmark,Europe,DNK
177,NCT00209235,United States,North America,USA
180,NCT00211939,United States,North America,USA
181,NCT00213720,France,Europe,FRA
186,NCT00257920,United States,North America,USA
190,NCT00261950,Belgium,Europe,BEL
190,NCT00261950,Czech Republic,Europe,CZE
190,NCT00261950,Hungary,Europe,HUN
190,NCT00261950,Italy,Europe,ITA
190,NCT00261950,"Macedonia, The Former Yugoslav Republic of",Europe,MKD
190,NCT00261950,Poland,Europe,POL
190,NCT00261950,Portugal,Europe,PRT
190,NCT00261950,Spain,Europe,ESP
190,NCT00261950,Switzerland,Europe,CHE
190,NCT00261950,Turkey,Middle East,TUR
190,NCT00261950,United Kingdom,Europe,GBR
190,NCT00261950,United States,North America,USA
200,NCT00278005,United States,North America,USA
205,NCT00285467,United States,North America,USA
209,NCT00287144,Norway,Europe,NOR
212,NCT00287287,United States,North America,USA
213,NCT00288522,Spain,Europe,ESP
218,NCT00288873,United States,North America,USA
221,NCT00297297,Denmark,Europe,DNK
226,NCT00316823,United States,North America,USA
228,NCT00322322,France,Europe,FRA
230,NCT00325104,United States,North America,USA
232,NCT00335062,United States,North America,USA
241,NCT00342641,United States,North America,USA
245,NCT00348413,Singapore,Southest Asia,SGP
259,NCT00360074,Germany,Europe,DEU
260,NCT00364234,United States,North America,USA
266,NCT00374712,France,Europe,FRA
275,NCT00381641,United States,North America,USA
278,NCT00385983,Brazil,South America,BRA
279,NCT00388297,United States,North America,USA
281,NCT00390325,United States,North America,USA
287,NCT00397475,Germany,Europe,DEU
290,NCT00400465,Thailand,Southest Asia,THA
300,NCT00415233,United Kingdom,Europe,GBR
302,NCT00415584,United States,North America,USA
304,NCT00416949,United States,North America,USA
309,NCT00418600,United States,North America,USA
310,NCT00424151,United States,North America,USA
314,NCT00430547,Australia,Pacifica,AUS
326,NCT00432939,United States,North America,USA
328,NCT00437931,Israel,Middle East,ISR
333,NCT00446329,Greece,Europe,GRC
342,NCT00454350,United States,North America,USA
347,NCT00463021,United States,North America,USA
350,NCT00469599,Denmark,Europe,DNK
353,NCT00470496,United States,North America,USA
359,NCT00480428,Kazakhstan,North Asia,KAZ
378,NCT00507897,Russian Federation,North Asia,RUS
386,NCT00519896,United States,North America,USA
388,NCT00522028,Norway,Europe,NOR
393,NCT00525135,United States,North America,USA
400,NCT00528788,United States,North America,USA
403,NCT00531713,Denmark,Europe,DNK
404,NCT00535561,Turkey,Middle East,TUR
406,NCT00537797,United States,North America,USA
410,NCT00537979,Mexico,North America,MEX
415,NCT00552253,Taiwan,East Asia,TWN
422,NCT00556530,United States,North America,USA
424,NCT00559949,Canada,North America,CAN
424,NCT00559949,United States,North America,USA
435,NCT00571077,Israel,Middle East,ISR
435,NCT00571077,United States,North America,USA
436,NCT00571090,Turkey,Middle East,TUR
441,NCT00576407,United States,North America,USA
442,NCT00576836,United States,North America,USA
445,NCT00579527,United States,North America,USA
447,NCT00579709,United States,North America,USA
448,NCT00580320,United States,North America,USA
456,NCT00587158,United States,North America,USA
458,NCT00588432,United States,North America,USA
460,NCT00595335,United States,North America,USA
467,NCT00601328,United States,North America,USA
478,NCT00639405,United States,North America,USA
481,NCT00646282,United States,North America,USA
484,NCT00651625,United States,North America,USA
485,NCT00654238,United States,North America,USA
487,NCT00664430,Brazil,South America,BRA
490,NCT00665795,Brazil,South America,BRA
494,NCT00667576,Japan,East Asia,JPN
502,NCT00674154,Denmark,Europe,DNK
505,NCT00677469,"Iran, Islamic Republic of",Middle East,IRN
511,NCT00697528,Brazil,South America,BRA
515,NCT00701805,Japan,East Asia,JPN
522,NCT00729157,United States,North America,USA
530,NCT00742716,Canada,North America,CAN
530,NCT00742716,United States,North America,USA
538,NCT00752401,Austria,Europe,AUT
544,NCT00754442,United States,North America,USA
546,NCT00768820,Israel,Middle East,ISR
549,NCT00781417,United States,North America,USA
551,NCT00782366,United States,North America,USA
559,NCT00792857,United States,North America,USA
575,NCT00804830,Sweden,Europe,SWE
579,NCT00823303,United States,North America,USA
585,NCT00828347,Japan,East Asia,JPN
592,NCT00858104,Italy,Europe,ITA
594,NCT00859612,United States,North America,USA
596,NCT00877630,China,East Asia,CHN
599,NCT00877981,Denmark,Europe,DNK
599,NCT00877981,Sweden,Europe,SWE
602,NCT00887107,Netherlands,Europe,NLD
607,NCT00888069,United States,North America,USA
611,NCT00891813,Peru,South America,PER
614,NCT00902122,China,East Asia,CHN
618,NCT00916955,United States,North America,USA
619,NCT00917189,United States,North America,USA
624,NCT00921050,Mexico,North America,MEX
639,NCT00946296,United States,North America,USA
645,NCT00958113,United States,North America,USA
653,NCT00958451,United States,North America,USA
654,NCT00961701,Israel,Middle East,ISR
657,NCT00962221,Israel,Middle East,ISR
660,NCT00973336,Austria,Europe,AUT
666,NCT00975221,Australia,Pacifica,AUS
666,NCT00975221,Canada,North America,CAN
666,NCT00975221,Hungary,Europe,HUN
666,NCT00975221,Poland,Europe,POL
666,NCT00975221,Portugal,Europe,PRT
666,NCT00975221,Russian Federation,North Asia,RUS
666,NCT00975221,United States,North America,USA
667,NCT00977080,Czech Republic,Europe,CZE
667,NCT00977080,Denmark,Europe,DNK
667,NCT00977080,Germany,Europe,DEU
667,NCT00977080,Greece,Europe,GRC
667,NCT00977080,Italy,Europe,ITA
667,NCT00977080,Netherlands,Europe,NLD
667,NCT00977080,Portugal,Europe,PRT
667,NCT00977080,Russian Federation,North Asia,RUS
667,NCT00977080,Spain,Europe,ESP
667,NCT00977080,Sweden,Europe,SWE
667,NCT00977080,United Kingdom,Europe,GBR
667,NCT00977080,United States,North America,USA
671,NCT00982722,Sweden,Europe,SWE
676,NCT00990704,Japan,East Asia,JPN
682,NCT00995163,Japan,East Asia,JPN
683,NCT00999037,United States,North America,USA
691,NCT01012414,United States,North America,USA
694,NCT01025128,Israel,Middle East,ISR
700,NCT01039818,Brazil,South America,BRA
708,NCT01056419,Turkey,Middle East,TUR
713,NCT01057732,Israel,Middle East,ISR
716,NCT01060982,France,Europe,FRA
719,NCT01073462,Austria,Europe,AUT
722,NCT01081665,Greece,Europe,GRC
724,NCT01083186,Greece,Europe,GRC
728,NCT01083550,Canada,North America,CAN
730,NCT01083849,Austria,Europe,AUT
730,NCT01083849,Germany,Europe,DEU
732,NCT01084356,Israel,Middle East,ISR
737,NCT01087619,Sweden,Europe,SWE
739,NCT01089335,Sweden,Europe,SWE
746,NCT01100723,United States,North America,USA
748,NCT01101113,"Korea, Republic of",East Asia,KOR
752,NCT01102127,Spain,Europe,ESP
758,NCT01103206,France,Europe,FRA
763,NCT01106443,Canada,North America,CAN
766,NCT01109420,United States,North America,USA
768,NCT01114503,United Kingdom,Europe,GBR
772,NCT01115543,Thailand,Southest Asia,THA
774,NCT01118065,Netherlands,Europe,NLD
776,NCT01127503,United States,North America,USA
781,NCT01134315,United States,North America,USA
786,NCT01134549,Australia,Pacifica,AUS
789,NCT01134562,Australia,Pacifica,AUS
789,NCT01134562,United States,North America,USA
790,NCT01137097,"Korea, Republic of",East Asia,KOR
793,NCT01138475,United States,North America,USA
800,NCT01149291,Turkey,Middle East,TUR
804,NCT01153360,"Korea, Republic of",East Asia,KOR
806,NCT01163565,Canada,North America,CAN
813,NCT01164176,"Korea, Republic of",East Asia,KOR
814,NCT01167309,Germany,Europe,DEU
814,NCT01167309,Poland,Europe,POL
817,NCT01171690,United States,North America,USA
820,NCT01178450,Spain,Europe,ESP
826,NCT01182285,United States,North America,USA
827,NCT01182584,Taiwan,East Asia,TWN
838,NCT01208051,Canada,North America,CAN
838,NCT01208051,United States,North America,USA
840,NCT01219855,United States,North America,USA
845,NCT01220050,Italy,Europe,ITA
848,NCT01222026,Austria,Europe,AUT
854,NCT01224782,Bulgaria,Europe,BGR
854,NCT01224782,Czech Republic,Europe,CZE
854,NCT01224782,Romania,Europe,ROU
856,NCT01225016,United States,North America,USA
864,NCT01227499,China,East Asia,CHN
867,NCT01228786,India,South Asia,IND
869,NCT01229865,United States,North America,USA
876,NCT01254565,United States,North America,USA
879,NCT01265992,Sweden,Europe,SWE
884,NCT01269749,United States,North America,USA
890,NCT01270425,Israel,Middle East,ISR
893,NCT01272414,Canada,North America,CAN
897,NCT01273597,Hungary,Europe,HUN
909,NCT01286753,France,Europe,FRA
909,NCT01286753,Italy,Europe,ITA
909,NCT01286753,Netherlands,Europe,NLD
909,NCT01286753,United States,North America,USA
910,NCT01290029,Germany,Europe,DEU
910,NCT01290029,United Kingdom,Europe,GBR
910,NCT01290029,United States,North America,USA
914,NCT01291498,United Kingdom,Europe,GBR
917,NCT01295333,France,Europe,FRA
923,NCT01297699,Spain,Europe,ESP
927,NCT01306656,United States,North America,USA
932,NCT01306916,United States,North America,USA
933,NCT01307761,Taiwan,East Asia,TWN
935,NCT01308320,"Korea, Republic of",East Asia,KOR
939,NCT01320813,France,Europe,FRA
946,NCT01322165,United States,North America,USA
948,NCT01329666,United States,North America,USA
953,NCT01335802,Denmark,Europe,DNK
954,NCT01335828,France,Europe,FRA
959,NCT01341782,Japan,East Asia,JPN
960,NCT01341886,"Iran, Islamic Republic of",Middle East,IRN
970,NCT01368042,Greece,Europe,GRC
972,NCT01369953,United States,North America,USA
984,NCT01382966,Turkey,Middle East,TUR
987,NCT01384786,Denmark,Europe,DNK
991,NCT01395134,Poland,Europe,POL
992,NCT01396733,"Korea, Republic of",East Asia,KOR
995,NCT01398774,United States,North America,USA
998,NCT01401478,Russian Federation,North Asia,RUS
1001,NCT01408368,Poland,Europe,POL
1003,NCT01409798,United States,North America,USA
1008,NCT01413113,United States,North America,USA
1017,NCT01421407,Italy,Europe,ITA
1017,NCT01421407,Spain,Europe,ESP
1021,NCT01426724,United States,North America,USA
1025,NCT01428167,United States,North America,USA
1028,NCT01436994,United Kingdom,Europe,GBR
1033,NCT01439867,Belgium,Europe,BEL
1033,NCT01439867,Czechia,Europe,CZE
1033,NCT01439867,France,Europe,FRA
1033,NCT01439867,Germany,Europe,DEU
1033,NCT01439867,Hungary,Europe,HUN
1033,NCT01439867,Italy,Europe,ITA
1033,NCT01439867,Mexico,North America,MEX
1033,NCT01439867,Netherlands,Europe,NLD
1033,NCT01439867,New Zealand,Pacifica,NZL
1033,NCT01439867,Poland,Europe,POL
1033,NCT01439867,Russian Federation,North Asia,RUS
1033,NCT01439867,Slovakia,Europe,SVK
1033,NCT01439867,United States,North America,USA
1037,NCT01441154,United States,North America,USA
1040,NCT01447368,Hong Kong,East Asia,HKG
1046,NCT01458600,Sweden,Europe,SWE
1051,NCT01460030,Japan,East Asia,JPN
1056,NCT01465867,Italy,Europe,ITA
1057,NCT01471288,"Iran, Islamic Republic of",Middle East,IRN
1058,NCT01479088,Italy,Europe,ITA
1063,NCT01484379,Israel,Middle East,ISR
1065,NCT01486667,Saudi Arabia,Middle East,SAU
1082,NCT01528904,Serbia,Europe,SRB
1084,NCT01530919,United States,North America,USA
1087,NCT01534169,China,East Asia,CHN
1093,NCT01539486,United States,North America,USA
1094,NCT01539499,United States,North America,USA
1096,NCT01545622,United States,North America,USA
1101,NCT01558115,United States,North America,USA
1104,NCT01560299,"Iran, Islamic Republic of",Middle East,IRN
1108,NCT01571843,United States,North America,USA
1113,NCT01574287,United States,North America,USA
1114,NCT01574859,Denmark,Europe,DNK
1118,NCT01579344,Brazil,South America,BRA
1119,NCT01579539,Austria,Europe,AUT
1126,NCT01598727,United Kingdom,Europe,GBR
1129,NCT01599273,"Korea, Republic of",East Asia,KOR
1133,NCT01609946,Germany,Europe,DEU
1135,NCT01611896,Denmark,Europe,DNK
1136,NCT01616108,United States,North America,USA
1140,NCT01617694,"Korea, Republic of",East Asia,KOR
1143,NCT01633853,China,East Asia,CHN
1146,NCT01638533,Canada,North America,CAN
1146,NCT01638533,United States,North America,USA
1152,NCT01647503,India,South Asia,IND
1155,NCT01648569,"Korea, Republic of",East Asia,KOR
1156,NCT01649206,Italy,Europe,ITA
1160,NCT01651000,United States,North America,USA
1161,NCT01653379,United States,North America,USA
1164,NCT01655719,United States,North America,USA
1170,NCT01660126,United Kingdom,Europe,GBR
1172,NCT01661179,Japan,East Asia,JPN
1174,NCT01665651,China,East Asia,CHN
1179,NCT01675089,Brazil,South America,BRA
1180,NCT01690806,Italy,Europe,ITA
1188,NCT01704079,United States,North America,USA
1189,NCT01704586,Germany,Europe,DEU
1198,NCT01725113,United States,North America,USA
1201,NCT01727973,China,East Asia,CHN
1208,NCT01738243,United States,North America,USA
1213,NCT01739972,United States,North America,USA
1218,NCT01744769,"Korea, Republic of",East Asia,KOR
1221,NCT01750593,Turkey,Middle East,TUR
1223,NCT01756534,Israel,Middle East,ISR
1226,NCT01757834,United States,North America,USA
1230,NCT01760421,Taiwan,East Asia,TWN
1242,NCT01776502,France,Europe,FRA
1244,NCT01778400,"Korea, Republic of",East Asia,KOR
1245,NCT01779817,France,Europe,FRA
1248,NCT01781923,United States,North America,USA
1251,NCT01783002,Canada,North America,CAN
1254,NCT01785849,Australia,Pacifica,AUS
1254,NCT01785849,Austria,Europe,AUT
1254,NCT01785849,Belgium,Europe,BEL
1254,NCT01785849,Canada,North America,CAN
1254,NCT01785849,Czechia,Europe,CZE
1254,NCT01785849,France,Europe,FRA
1254,NCT01785849,Germany,Europe,DEU
1254,NCT01785849,Hungary,Europe,HUN
1254,NCT01785849,Israel,Middle East,ISR
1254,NCT01785849,Italy,Europe,ITA
1254,NCT01785849,Poland,Europe,POL
1254,NCT01785849,Russian Federation,North Asia,RUS
1254,NCT01785849,Spain,Europe,ESP
1254,NCT01785849,United Kingdom,Europe,GBR
1254,NCT01785849,United States,North America,USA
1257,NCT01785875,Australia,Pacifica,AUS
1257,NCT01785875,Austria,Europe,AUT
1257,NCT01785875,Belgium,Europe,BEL
1257,NCT01785875,Canada,North America,CAN
1257,NCT01785875,Czechia,Europe,CZE
1257,NCT01785875,France,Europe,FRA
1257,NCT01785875,Germany,Europe,DEU
1257,NCT01785875,Hungary,Europe,HUN
1257,NCT01785875,Israel,Middle East,ISR
1257,NCT01785875,Italy,Europe,ITA
1257,NCT01785875,Netherlands,Europe,NLD
1257,NCT01785875,Poland,Europe,POL
1257,NCT01785875,Russian Federation,North Asia,RUS
1257,NCT01785875,Spain,Europe,ESP
1257,NCT01785875,Sweden,Europe,SWE
1257,NCT01785875,United Kingdom,Europe,GBR
1257,NCT01785875,United States,North America,USA
1261,NCT01788046,Australia,Pacifica,AUS
1261,NCT01788046,Belgium,Europe,BEL
1261,NCT01788046,Canada,North America,CAN
1261,NCT01788046,Czechia,Europe,CZE
1261,NCT01788046,France,Europe,FRA
1261,NCT01788046,Germany,Europe,DEU
1261,NCT01788046,Hungary,Europe,HUN
1261,NCT01788046,Israel,Middle East,ISR
1261,NCT01788046,Italy,Europe,ITA
1261,NCT01788046,Netherlands,Europe,NLD
1261,NCT01788046,Poland,Europe,POL
1261,NCT01788046,Russian Federation,North Asia,RUS
1261,NCT01788046,Spain,Europe,ESP
1261,NCT01788046,Sweden,Europe,SWE
1261,NCT01788046,United States,North America,USA
1262,NCT01788982,Belgium,Europe,BEL
1262,NCT01788982,Denmark,Europe,DNK
1262,NCT01788982,France,Europe,FRA
1262,NCT01788982,Germany,Europe,DEU
1262,NCT01788982,Italy,Europe,ITA
1262,NCT01788982,Netherlands,Europe,NLD
1262,NCT01788982,Poland,Europe,POL
1262,NCT01788982,Spain,Europe,ESP
1262,NCT01788982,United Kingdom,Europe,GBR
1263,NCT01789541,Sweden,Europe,SWE
1266,NCT01794676,United States,North America,USA
1267,NCT01798966,United States,North America,USA
1273,NCT01805856,Japan,East Asia,JPN
1274,NCT01809444,China,East Asia,CHN
1279,NCT01811212,United States,North America,USA
1287,NCT01821781,United States,North America,USA
1288,NCT01830504,France,Europe,FRA
1290,NCT01832753,United States,North America,USA
1293,NCT01837433,China,East Asia,CHN
1294,NCT01837745,France,Europe,FRA
1295,NCT01838031,China,East Asia,CHN
1297,NCT01838629,China,East Asia,CHN
1302,NCT01853579,Netherlands,Europe,NLD
1302,NCT01853579,Switzerland,Europe,CHE
1303,NCT01856920,United States,North America,USA
1306,NCT01868750,United States,North America,USA
1308,NCT01868997,Germany,Europe,DEU
1308,NCT01868997,Italy,Europe,ITA
1308,NCT01868997,United Kingdom,Europe,GBR
1308,NCT01868997,United States,North America,USA
1315,NCT01880203,France,Europe,FRA
1321,NCT01885533,United Kingdom,Europe,GBR
1325,NCT01889134,Poland,Europe,POL
1327,NCT01893450,Mexico,North America,MEX
1333,NCT01896232,Austria,Europe,AUT
1333,NCT01896232,Belgium,Europe,BEL
1333,NCT01896232,Canada,North America,CAN
1333,NCT01896232,Czechia,Europe,CZE
1333,NCT01896232,Denmark,Europe,DNK
1333,NCT01896232,Estonia,Europe,EST
1333,NCT01896232,France,Europe,FRA
1333,NCT01896232,Germany,Europe,DEU
1333,NCT01896232,Greece,Europe,GRC
1333,NCT01896232,Hungary,Europe,HUN
1333,NCT01896232,Italy,Europe,ITA
1333,NCT01896232,Latvia,Europe,LVA
1333,NCT01896232,Lithuania,Europe,LTU
1333,NCT01896232,New Zealand,Pacifica,NZL
1333,NCT01896232,Poland,Europe,POL
1333,NCT01896232,Portugal,Europe,PRT
1333,NCT01896232,Russian Federation,North Asia,RUS
1333,NCT01896232,Spain,Europe,ESP
1333,NCT01896232,Sweden,Europe,SWE
1333,NCT01896232,Switzerland,Europe,CHE
1333,NCT01896232,Turkey,Middle East,TUR
1333,NCT01896232,United States,North America,USA
1344,NCT01922843,United States,North America,USA
1347,NCT01927406,United States,North America,USA
1351,NCT01927887,United States,North America,USA
1355,NCT01932970,United States,North America,USA
1360,NCT01939977,Spain,Europe,ESP
1364,NCT01945762,Belgium,Europe,BEL
1364,NCT01945762,France,Europe,FRA
1364,NCT01945762,Germany,Europe,DEU
1364,NCT01945762,Italy,Europe,ITA
1364,NCT01945762,Luxembourg,,
1364,NCT01945762,Netherlands,Europe,NLD
1364,NCT01945762,Spain,Europe,ESP
1364,NCT01945762,United Kingdom,Europe,GBR
1366,NCT01950260,United States,North America,USA
1373,NCT01969019,China,East Asia,CHN
1379,NCT01985204,Morocco,,
1383,NCT01996072,United States,North America,USA
1385,NCT01999790,Brazil,South America,BRA
1397,NCT02017080,Serbia,Europe,SRB
1400,NCT02024906,United States,North America,USA
1401,NCT02041260,United States,North America,USA
1402,NCT02054572,United States,North America,USA
1405,NCT02055989,United Kingdom,Europe,GBR
1406,NCT02056730,Thailand,Southest Asia,THA
1409,NCT02059655,United Kingdom,Europe,GBR
1413,NCT02061111,Denmark,Europe,DNK
1416,NCT02070211,Holy See (Vatican City State),Europe,VAT
1419,NCT02089542,United Kingdom,Europe,GBR
1422,NCT02090907,"Iran, Islamic Republic of",Middle East,IRN
1425,NCT02102204,Australia,Pacifica,AUS
1425,NCT02102204,Austria,Europe,AUT
1425,NCT02102204,Belgium,Europe,BEL
1425,NCT02102204,Canada,North America,CAN
1425,NCT02102204,Czechia,Europe,CZE
1425,NCT02102204,Denmark,Europe,DNK
1425,NCT02102204,France,Europe,FRA
1425,NCT02102204,Germany,Europe,DEU
1425,NCT02102204,Greece,Europe,GRC
1425,NCT02102204,Hungary,Europe,HUN
1425,NCT02102204,Israel,Middle East,ISR
1425,NCT02102204,Italy,Europe,ITA
1425,NCT02102204,Latvia,Europe,LVA
1425,NCT02102204,Lithuania,Europe,LTU
1425,NCT02102204,Netherlands,Europe,NLD
1425,NCT02102204,New Zealand,Pacifica,NZL
1425,NCT02102204,Poland,Europe,POL
1425,NCT02102204,Portugal,Europe,PRT
1425,NCT02102204,Russian Federation,North Asia,RUS
1425,NCT02102204,Spain,Europe,ESP
1425,NCT02102204,Sweden,Europe,SWE
1425,NCT02102204,Switzerland,Europe,CHE
1425,NCT02102204,Turkey,Middle East,TUR
1425,NCT02102204,United States,North America,USA
1427,NCT02107794,United States,North America,USA
1430,NCT02109250,Belgium,Europe,BEL
1431,NCT02112370,"Korea, Republic of",East Asia,KOR
1436,NCT02114619,"Iran, Islamic Republic of",Middle East,IRN
1442,NCT02126683,Taiwan,East Asia,TWN
1444,NCT02133404,Japan,East Asia,JPN
1448,NCT02138214,United States,North America,USA
1449,NCT02138838,Belgium,Europe,BEL
1449,NCT02138838,Czechia,Europe,CZE
1449,NCT02138838,France,Europe,FRA
1449,NCT02138838,Germany,Europe,DEU
1449,NCT02138838,Greece,Europe,GRC
1449,NCT02138838,Hungary,Europe,HUN
1449,NCT02138838,Italy,Europe,ITA
1449,NCT02138838,Lithuania,Europe,LTU
1449,NCT02138838,New Zealand,Pacifica,NZL
1449,NCT02138838,Poland,Europe,POL
1449,NCT02138838,Portugal,Europe,PRT
1449,NCT02138838,Russian Federation,North Asia,RUS
1449,NCT02138838,Slovakia,Europe,SVK
1449,NCT02138838,Spain,Europe,ESP
1449,NCT02138838,Ukraine,Europe,UKR
1449,NCT02138838,United States,North America,USA
1454,NCT02140476,Brazil,South America,BRA
1454,NCT02140476,Mexico,North America,MEX
1457,NCT02143271,Japan,East Asia,JPN
1458,NCT02143726,United States,North America,USA
1461,NCT02147782,China,East Asia,CHN
1463,NCT02150772,Denmark,Europe,DNK
1469,NCT02152995,United States,North America,USA
1472,NCT02155049,Israel,Middle East,ISR
1477,NCT02169687,France,Europe,FRA
1482,NCT02186405,France,Europe,FRA
1491,NCT02194920,Italy,Europe,ITA
1495,NCT02203682,China,East Asia,CHN
1501,NCT02205801,United States,North America,USA
1508,NCT02210741,Taiwan,East Asia,TWN
1512,NCT02216656,Japan,East Asia,JPN
1518,NCT02227264,Sweden,Europe,SWE
1525,NCT02246504,Bulgaria,Europe,BGR
1527,NCT02258347,Italy,Europe,ITA
1529,NCT02268734,Italy,Europe,ITA
1530,NCT02273570,Italy,Europe,ITA
1534,NCT02274623,United States,North America,USA
1541,NCT02289144,United States,North America,USA
1543,NCT02290704,China,East Asia,CHN
1555,NCT02316691,United States,North America,USA
1558,NCT02316743,Canada,North America,CAN
1565,NCT02319538,Norway,Europe,NOR
1570,NCT02332135,China,East Asia,CHN
1574,NCT02338934,Malaysia,Southest Asia,MYS
1579,NCT02341417,Belgium,Europe,BEL
1579,NCT02341417,Czechia,Europe,CZE
1579,NCT02341417,France,Europe,FRA
1579,NCT02341417,Germany,Europe,DEU
1579,NCT02341417,Greece,Europe,GRC
1579,NCT02341417,Hungary,Europe,HUN
1579,NCT02341417,Italy,Europe,ITA
1579,NCT02341417,Poland,Europe,POL
1579,NCT02341417,Russian Federation,North Asia,RUS
1579,NCT02341417,Ukraine,Europe,UKR
1579,NCT02341417,United States,North America,USA
1583,NCT02352766,United States,North America,USA
1587,NCT02373995,Italy,Europe,ITA
1598,NCT02378298,Sweden,Europe,SWE
1603,NCT02381457,Australia,Pacifica,AUS
1603,NCT02381457,Ireland,Europe,IRL
1603,NCT02381457,Spain,Europe,ESP
1603,NCT02381457,Sweden,Europe,SWE
1603,NCT02381457,United Kingdom,Europe,GBR
1603,NCT02381457,United States,North America,USA
1609,NCT02384668,Denmark,Europe,DNK
1614,NCT02393183,"Iran, Islamic Republic of",Middle East,IRN
1618,NCT02393690,United States,North America,USA
1621,NCT02397109,France,Europe,FRA
1625,NCT02398721,Hong Kong,East Asia,HKG
1627,NCT02399475,United States,North America,USA
1630,NCT02408887,United States,North America,USA
1633,NCT02410928,Turkey,Middle East,TUR
1637,NCT02417389,Italy,Europe,ITA
1644,NCT02422368,"Iran, Islamic Republic of",Middle East,IRN
1648,NCT02430584,United States,North America,USA
1651,NCT02432274,France,Europe,FRA
1651,NCT02432274,Germany,Europe,DEU
1651,NCT02432274,Italy,Europe,ITA
1651,NCT02432274,Spain,Europe,ESP
1651,NCT02432274,United Kingdom,Europe,GBR
1651,NCT02432274,United States,North America,USA
1654,NCT02432599,France,Europe,FRA
1655,NCT02440581,United States,North America,USA
1662,NCT02460328,Thailand,Southest Asia,THA
1665,NCT02462512,"Korea, Republic of",East Asia,KOR
1667,NCT02463409,United States,North America,USA
1669,NCT02464072,Brazil,South America,BRA
1676,NCT02491502,Bulgaria,Europe,BGR
1679,NCT02491567,Greece,Europe,GRC
1686,NCT02500342,Ireland,Europe,IRL
1686,NCT02500342,Switzerland,Europe,CHE
1690,NCT02516774,France,Europe,FRA
1692,NCT02523209,France,Europe,FRA
1698,NCT02525796,United States,North America,USA
1701,NCT02535975,"Korea, Republic of",East Asia,KOR
1705,NCT02536287,China,East Asia,CHN
1708,NCT02539498,France,Europe,FRA
1712,NCT02549391,Japan,East Asia,JPN
1717,NCT02549404,Japan,East Asia,JPN
1719,NCT02549417,Japan,East Asia,JPN
1722,NCT02551120,Denmark,Europe,DNK
1725,NCT02556216,Germany,Europe,DEU
1740,NCT02609685,United States,North America,USA
1742,NCT02620085,Taiwan,East Asia,TWN
1757,NCT02652884,Argentina,South America,ARG
1762,NCT02658552,Hong Kong,East Asia,HKG
1764,NCT02665325,China,East Asia,CHN
1765,NCT02681328,United States,North America,USA
1767,NCT02685514,Hong Kong,East Asia,HKG
1773,NCT02693808,Norway,Europe,NOR
1779,NCT02697578,Spain,Europe,ESP
1784,NCT02708368,Germany,Europe,DEU
1789,NCT02710799,Brazil,South America,BRA
1793,NCT02713256,Germany,Europe,DEU
1793,NCT02713256,United States,North America,USA
1798,NCT02714946,Italy,Europe,ITA
1799,NCT02721992,Italy,Europe,ITA
1807,NCT02725879,Greece,Europe,GRC
1811,NCT02727738,Italy,Europe,ITA
1820,NCT02764554,"Korea, Republic of",East Asia,KOR
1830,NCT02772705,China,East Asia,CHN
1834,NCT02778412,United States,North America,USA
1839,NCT02784223,France,Europe,FRA
1841,NCT02787486,United States,North America,USA
1844,NCT02798965,France,Europe,FRA
1849,NCT02824016,France,Europe,FRA
1850,NCT02824718,France,Europe,FRA
1853,NCT02830789,Denmark,Europe,DNK
1857,NCT02833857,Belgium,Europe,BEL
1857,NCT02833857,Germany,Europe,DEU
1857,NCT02833857,Lithuania,Europe,LTU
1857,NCT02833857,Poland,Europe,POL
1857,NCT02833857,United Kingdom,Europe,GBR
1857,NCT02833857,United States,North America,USA
1863,NCT02839655,France,Europe,FRA
1864,NCT02843542,Israel,Middle East,ISR
1867,NCT02845336,United States,North America,USA
1873,NCT02854345,France,Europe,FRA
1875,NCT02859896,Chile,South America,CHL
1875,NCT02859896,United States,North America,USA
1888,NCT02890472,France,Europe,FRA
1895,NCT02895906,United States,North America,USA
1897,NCT02904330,United Kingdom,Europe,GBR
1909,NCT02946918,United States,North America,USA
1915,NCT02953288,China,East Asia,CHN
1917,NCT02966093,China,East Asia,CHN
1919,NCT02973802,United Kingdom,Europe,GBR
1923,NCT02973997,United States,North America,USA
1928,NCT02989103,United States,North America,USA
1930,NCT02989428,Denmark,Europe,DNK
1937,NCT03002623,United States,North America,USA
1940,NCT03004209,"Korea, Republic of",East Asia,KOR
1947,NCT03009357,"Korea, Republic of",East Asia,KOR
1951,NCT03011736,United States,North America,USA
1952,NCT03012620,France,Europe,FRA
1953,NCT03013257,Hong Kong,East Asia,HKG
1957,NCT03023748,Hong Kong,East Asia,HKG
1963,NCT03027557,Denmark,Europe,DNK
1970,NCT03032198,United States,North America,USA
1973,NCT03036956,Pakistan,South Asia,PAK
1978,NCT03039439,United States,North America,USA
1983,NCT03046524,United States,North America,USA
1988,NCT03051126,United States,North America,USA
1991,NCT03052075,United States,North America,USA
1995,NCT03057925,China,East Asia,CHN
1997,NCT03061318,Chile,South America,CHL
2000,NCT03063190,Brazil,South America,BRA
2004,NCT03066076,Austria,Europe,AUT
2008,NCT03072160,United States,North America,USA
2013,NCT03082742,Brazil,South America,BRA
2019,NCT03091140,Greece,Europe,GRC
2020,NCT03093909,United States,North America,USA
2021,NCT03094416,United States,North America,USA
2023,NCT03096613,China,East Asia,CHN
2029,NCT03102099,China,East Asia,CHN
2039,NCT03105648,Taiwan,East Asia,TWN
2041,NCT03106337,United States,North America,USA
2042,NCT03106935,China,East Asia,CHN
2043,NCT03107078,China,East Asia,CHN
2049,NCT03108222,United States,North America,USA
2050,NCT03109847,United States,North America,USA
2054,NCT03110848,Italy,Europe,ITA
2060,NCT03114267,France,Europe,FRA
2061,NCT03115515,United States,North America,USA
2062,NCT03120221,Israel,Middle East,ISR
2064,NCT03122496,United States,North America,USA
2065,NCT03122847,Denmark,Europe,DNK
2069,NCT03123406,China,East Asia,CHN
2073,NCT03128255,Germany,Europe,DEU
2076,NCT03131206,United States,North America,USA
2077,NCT03131726,Sweden,Europe,SWE
2081,NCT03134976,United States,North America,USA
2089,NCT03157466,Italy,Europe,ITA
2090,NCT03158961,Hong Kong,East Asia,HKG
2094,NCT03160482,Canada,North America,CAN
2095,NCT03162627,United States,North America,USA
2096,NCT03167385,China,East Asia,CHN
2101,NCT03174925,United States,North America,USA
2103,NCT03178253,Egypt,Africa,EGY
2109,NCT03182699,Austria,Europe,AUT
2111,NCT03183752,Brazil,South America,BRA
2113,NCT03194087,China,East Asia,CHN
2121,NCT03199677,China,East Asia,CHN
2126,NCT03211117,United States,North America,USA
2129,NCT03226171,Japan,East Asia,JPN
2132,NCT03244956,France,Europe,FRA
2136,NCT03249012,Canada,North America,CAN
2138,NCT03257930,Egypt,Africa,EGY
2141,NCT03268785,China,East Asia,CHN
2144,NCT03271892,Canada,North America,CAN
2145,NCT03274258,United States,North America,USA
2146,NCT03278964,Brazil,South America,BRA
2150,NCT03280264,Japan,East Asia,JPN
2154,NCT03283098,China,East Asia,CHN
2158,NCT03284060,France,Europe,FRA
2160,NCT03285854,United Kingdom,Europe,GBR
2167,NCT03295955,"Korea, Republic of",East Asia,KOR
2169,NCT03298867,Germany,Europe,DEU
2169,NCT03298867,Italy,Europe,ITA
2169,NCT03298867,United States,North America,USA
2175,NCT03299244,China,East Asia,CHN
2175,NCT03299244,Hong Kong,East Asia,HKG
2175,NCT03299244,India,South Asia,IND
2175,NCT03299244,"Korea, Republic of",East Asia,KOR
2175,NCT03299244,Malaysia,Southest Asia,MYS
2175,NCT03299244,Taiwan,East Asia,TWN
2177,NCT03300284,United States,North America,USA
2180,NCT03303053,Malaysia,Southest Asia,MYS
2182,NCT03307694,United States,North America,USA
2184,NCT03309384,France,Europe,FRA
2186,NCT03309631,United States,North America,USA
2188,NCT03324022,Taiwan,East Asia,TWN
2199,NCT03324893,Canada,North America,CAN
2200,NCT03327636,Hong Kong,East Asia,HKG
2201,NCT03331172,Hong Kong,East Asia,HKG
2211,NCT03375359,Germany,Europe,DEU
2217,NCT03382158,United States,North America,USA
2218,NCT03387943,China,East Asia,CHN
2223,NCT03395925,Germany,Europe,DEU
2228,NCT03420963,United States,North America,USA
2230,NCT03425747,Italy,Europe,ITA
2232,NCT03434067,China,East Asia,CHN
2235,NCT03435952,United States,North America,USA
2239,NCT03440697,United States,North America,USA
2243,NCT03447093,China,East Asia,CHN
2250,NCT03461211,Germany,Europe,DEU
2250,NCT03461211,Italy,Europe,ITA
2250,NCT03461211,United States,North America,USA
2254,NCT03464149,Austria,Europe,AUT
2261,NCT03469310,United States,North America,USA
2271,NCT03484416,"Korea, Republic of",East Asia,KOR
2275,NCT03498183,France,Europe,FRA
2281,NCT03498417,Italy,Europe,ITA
2292,NCT03515863,China,East Asia,CHN
2296,NCT03516747,Israel,Middle East,ISR
2300,NCT03517267,Israel,Middle East,ISR
2302,NCT03517579,United States,North America,USA
2309,NCT03530462,China,East Asia,CHN
2314,NCT03535974,Romania,Europe,ROU
2319,NCT03543891,China,East Asia,CHN
2325,NCT03566537,Greece,Europe,GRC
2327,NCT03569787,United Kingdom,Europe,GBR
2330,NCT03574051,China,East Asia,CHN
2334,NCT03588884,United States,North America,USA
2341,NCT03602261,United States,North America,USA
2344,NCT03605472,France,Europe,FRA
2346,NCT03606824,China,East Asia,CHN
2349,NCT03614988,Brazil,South America,BRA
2354,NCT03626246,United States,North America,USA
2359,NCT03626948,Japan,East Asia,JPN
2367,NCT03633708,Argentina,South America,ARG
2367,NCT03633708,India,South Asia,IND
2367,NCT03633708,"Korea, Republic of",East Asia,KOR
2367,NCT03633708,Malaysia,Southest Asia,MYS
2367,NCT03633708,Russian Federation,North Asia,RUS
2367,NCT03633708,Singapore,Southest Asia,SGP
2367,NCT03633708,Taiwan,East Asia,TWN
2367,NCT03633708,Turkey,Middle East,TUR
2367,NCT03633708,Ukraine,Europe,UKR
2367,NCT03633708,United States,North America,USA
2374,NCT03641638,China,East Asia,CHN
2376,NCT03643081,France,Europe,FRA
2379,NCT03646383,France,Europe,FRA
2387,NCT03660800,United States,North America,USA
2392,NCT03669432,India,South Asia,IND
2395,NCT03676647,United States,North America,USA
2399,NCT03699098,Egypt,Africa,EGY
2401,NCT03700762,China,East Asia,CHN
2402,NCT03708627,United States,North America,USA
2407,NCT03713671,Turkey,Middle East,TUR
2412,NCT03716128,Denmark,Europe,DNK
2417,NCT03724188,Egypt,Africa,EGY
2424,NCT03732495,France,Europe,FRA
2428,NCT03753919,Spain,Europe,ESP
2434,NCT03761290,United States,North America,USA
2436,NCT03764007,United States,North America,USA
2440,NCT03772496,China,East Asia,CHN
2442,NCT03773120,"Korea, Republic of",East Asia,KOR
2455,NCT03801980,Japan,East Asia,JPN
2456,NCT03808779,China,East Asia,CHN
2456,NCT03808779,Ukraine,Europe,UKR
2461,NCT03822507,China,East Asia,CHN
2461,NCT03822507,Hong Kong,East Asia,HKG
2461,NCT03822507,"Korea, Republic of",East Asia,KOR
2461,NCT03822507,Taiwan,East Asia,TWN
2469,NCT03830242,China,East Asia,CHN
2472,NCT03831620,Switzerland,Europe,CHE
2475,NCT03835728,United States,North America,USA
2476,NCT03836300,United States,North America,USA
2480,NCT03845647,China,East Asia,CHN
2481,NCT03866382,Puerto Rico,Central America,PRI
2481,NCT03866382,United States,North America,USA
2485,NCT03872284,France,Europe,FRA
2486,NCT03878953,Japan,East Asia,JPN
2488,NCT03880578,Germany,Europe,DEU
2492,NCT03887611,China,East Asia,CHN
2493,NCT03889431,Ethiopia,Africa,ETH
2501,NCT03896958,United States,North America,USA
2502,NCT03898622,Mexico,North America,MEX
2506,NCT03910049,Greece,Europe,GRC
2511,NCT03922321,Canada,North America,CAN
2515,NCT03924804,China,East Asia,CHN
2520,NCT03931109,United States,North America,USA
2521,NCT03935984,United States,North America,USA
2526,NCT03937349,Russian Federation,North Asia,RUS
2527,NCT03938545,Canada,North America,CAN
2527,NCT03938545,Germany,Europe,DEU
2527,NCT03938545,Italy,Europe,ITA
2527,NCT03938545,Spain,Europe,ESP
2527,NCT03938545,United States,North America,USA
2534,NCT03941184,United States,North America,USA
2538,NCT03948191,China,East Asia,CHN
2545,NCT03957616,France,Europe,FRA
2547,NCT03960437,United States,North America,USA
2551,NCT03960554,United States,North America,USA
2555,NCT03969108,Canada,North America,CAN
2561,NCT03969329,Belgium,Europe,BEL
2561,NCT03969329,Czechia,Europe,CZE
2561,NCT03969329,France,Europe,FRA
2561,NCT03969329,Germany,Europe,DEU
2561,NCT03969329,Greece,Europe,GRC
2561,NCT03969329,Hungary,Europe,HUN
2561,NCT03969329,Italy,Europe,ITA
2561,NCT03969329,Lithuania,Europe,LTU
2561,NCT03969329,Poland,Europe,POL
2561,NCT03969329,Portugal,Europe,PRT
2561,NCT03969329,Spain,Europe,ESP
2561,NCT03969329,United Kingdom,Europe,GBR
2568,NCT03980132,Spain,Europe,ESP
2572,NCT03986593,Brazil,South America,BRA
2580,NCT04009863,Hong Kong,East Asia,HKG
2581,NCT04012476,Spain,Europe,ESP
2589,NCT04013139,"Iran, Islamic Republic of",Middle East,IRN
2591,NCT04019379,United States,North America,USA
2600,NCT04031638,France,Europe,FRA
2605,NCT04040946,France,Europe,FRA
2606,NCT04046354,China,East Asia,CHN
2610,NCT04053114,France,Europe,FRA
2619,NCT04064827,Puerto Rico,Central America,PRI
2619,NCT04064827,United States,North America,USA
2623,NCT04075851,China,East Asia,CHN
2626,NCT04080505,United States,North America,USA
2629,NCT04085419,Slovenia,Europe,SVN
2632,NCT04085913,United States,North America,USA
2634,NCT04096612,China,East Asia,CHN
2642,NCT04106596,France,Europe,FRA
2643,NCT04106843,United States,North America,USA
2650,NCT04126954,France,Europe,FRA
2652,NCT04129281,Italy,Europe,ITA
2656,NCT04135573,China,East Asia,CHN
2663,NCT04141540,France,Europe,FRA
2665,NCT04146259,Greece,Europe,GRC
2670,NCT04171622,United States,North America,USA
2673,NCT04175522,"Korea, Republic of",East Asia,KOR
2675,NCT04180007,China,East Asia,CHN
2676,NCT04193332,Denmark,Europe,DNK
2683,NCT04216732,United States,North America,USA
2690,NCT04239521,United Kingdom,Europe,GBR
2704,NCT04267965,Taiwan,East Asia,TWN
2708,NCT04270110,Egypt,Africa,EGY
2711,NCT04281875,United States,North America,USA
2714,NCT04284774,Puerto Rico,Central America,PRI
2714,NCT04284774,United States,North America,USA
2716,NCT04288115,United States,North America,USA
2717,NCT04288531,Portugal,Europe,PRT
2719,NCT04298684,France,Europe,FRA
2719,NCT04298684,Guadeloupe,Central America,GLP
2719,NCT04298684,RÃ©union,Africa,REU
2722,NCT04299425,United States,North America,USA
2729,NCT04305561,Denmark,Europe,DNK
2733,NCT04311606,United States,North America,USA
2746,NCT04329455,Egypt,Africa,EGY
2749,NCT04333342,"Korea, Republic of",East Asia,KOR
2756,NCT04339127,France,Europe,FRA
2759,NCT04339205,France,Europe,FRA
2761,NCT04344886,Czechia,Europe,CZE
2768,NCT04354896,Netherlands,Europe,NLD
2768,NCT04354896,Switzerland,Europe,CHE
2769,NCT04359979,Israel,Middle East,ISR
2775,NCT04373226,France,Europe,FRA
2778,NCT04383795,"Korea, Republic of",East Asia,KOR
2787,NCT04396912,Turkey,Middle East,TUR
2794,NCT04410601,Turkey,Middle East,TUR
2798,NCT04411290,Turkey,Middle East,TUR
2802,NCT04412694,Poland,Europe,POL
2807,NCT04424485,Turkey,Middle East,TUR
2810,NCT04433936,Egypt,Africa,EGY
2817,NCT04458233,Israel,Middle East,ISR
2822,NCT04463316,Netherlands,Europe,NLD
2824,NCT04463719,United States,North America,USA
2825,NCT04467021,United States,North America,USA
2827,NCT04472026,United States,North America,USA
2831,NCT04477798,China,East Asia,CHN
2835,NCT04482907,Turkey,Middle East,TUR
2841,NCT04484116,Mexico,North America,MEX
2845,NCT04488406,Italy,Europe,ITA
2853,NCT04509011,Austria,Europe,AUT
2853,NCT04509011,Norway,Europe,NOR
2853,NCT04509011,Poland,Europe,POL
2853,NCT04509011,Sweden,Europe,SWE
2855,NCT04514484,United States,North America,USA
2858,NCT04522622,Denmark,Europe,DNK
2869,NCT04548284,China,East Asia,CHN
2878,NCT04560127,China,East Asia,CHN
2881,NCT04564924,China,East Asia,CHN
2886,NCT04569604,Denmark,Europe,DNK
2892,NCT04574258,China,East Asia,CHN
2897,NCT04574947,Russian Federation,North Asia,RUS
2904,NCT04583735,United States,North America,USA
2912,NCT04598815,Italy,Europe,ITA
2919,NCT04601298,China,East Asia,CHN
2921,NCT04604808,Spain,Europe,ESP
2926,NCT04610723,France,Europe,FRA
2935,NCT04614389,United States,North America,USA
2940,NCT04632524,Egypt,Africa,EGY
2942,NCT04637360,Taiwan,East Asia,TWN
2945,NCT04639388,France,Europe,FRA
2947,NCT04639960,Switzerland,Europe,CHE
2951,NCT04647006,Turkey,Middle East,TUR
2953,NCT04647500,Switzerland,Europe,CHE
2955,NCT04662190,Spain,Europe,ESP
2959,NCT04663451,Belgium,Europe,BEL
2964,NCT04666103,China,East Asia,CHN
2969,NCT04671719,France,Europe,FRA
2972,NCT04680650,China,East Asia,CHN
2976,NCT04682340,Poland,Europe,POL
2981,NCT04683575,China,East Asia,CHN
2994,NCT04704414,Switzerland,Europe,CHE
3001,NCT04708626,Sweden,Europe,SWE
3006,NCT04714918,China,East Asia,CHN
3008,NCT04730726,Netherlands,Europe,NLD
3011,NCT04731740,Russian Federation,North Asia,RUS
3016,NCT04737330,Germany,Europe,DEU
3021,NCT04740502,Italy,Europe,ITA
3029,NCT04750460,Russian Federation,North Asia,RUS
3047,NCT04767763,Poland,Europe,POL
3048,NCT04776993,Italy,Europe,ITA
3056,NCT04782856,United States,North America,USA
3060,NCT04785443,France,Europe,FRA
3062,NCT04789993,France,Europe,FRA
3071,NCT04798092,France,Europe,FRA
3077,NCT04809454,Pakistan,South Asia,PAK
3081,NCT04823728,France,Europe,FRA
3084,NCT04842994,India,South Asia,IND
3085,NCT04844164,Russian Federation,North Asia,RUS
3088,NCT04846010,United States,North America,USA
3093,NCT04856488,Sweden,Europe,SWE
3103,NCT04876534,Italy,Europe,ITA
3107,NCT04877613,United States,North America,USA
3111,NCT04879173,"Korea, Republic of",East Asia,KOR
3119,NCT04895631,United States,North America,USA
3124,NCT04905641,Thailand,Southest Asia,THA
3128,NCT04919694,China,East Asia,CHN
3135,NCT04922892,China,East Asia,CHN
3137,NCT04927416,United States,North America,USA
3143,NCT04932135,Switzerland,Europe,CHE
3153,NCT04942769,China,East Asia,CHN
3160,NCT04948671,Switzerland,Europe,CHE
3164,NCT04953195,China,East Asia,CHN
3166,NCT04969926,United States,North America,USA
3178,NCT04988802,Croatia,Europe,HRV
3183,NCT04998968,Sweden,Europe,SWE
3184,NCT05002998,United States,North America,USA
3191,NCT05007093,China,East Asia,CHN
3192,NCT05012033,United Kingdom,Europe,GBR
3197,NCT05015127,China,East Asia,CHN
3204,NCT05017142,Switzerland,Europe,CHE
3205,NCT05019118,Spain,Europe,ESP
3206,NCT05022641,United States,North America,USA
3218,NCT05043233,China,East Asia,CHN
3224,NCT05049603,Italy,Europe,ITA
3231,NCT05059470,United States,North America,USA
3232,NCT05068687,Belgium,Europe,BEL
3235,NCT05070091,Poland,Europe,POL
3247,NCT05098600,Czechia,Europe,CZE
3253,NCT05108298,United States,North America,USA
3254,NCT05110040,China,East Asia,CHN
3258,NCT05112211,China,East Asia,CHN
3264,NCT05117853,Belgium,Europe,BEL
3268,NCT05118542,Indonesia,Southest Asia,IDN
3269,NCT05119296,United States,North America,USA
3272,NCT05126147,Taiwan,East Asia,TWN
3276,NCT05126706,"Korea, Republic of",East Asia,KOR
3278,NCT05130476,Denmark,Europe,DNK
3283,NCT05142904,Netherlands,Europe,NLD
3287,NCT05149898,Australia,Pacifica,AUS
3287,NCT05149898,United States,North America,USA
3295,NCT05176639,United States,North America,USA
3303,NCT05180214,Egypt,Africa,EGY
3309,NCT05189314,United States,North America,USA
3311,NCT05189808,United States,North America,USA
3313,NCT05189821,United States,North America,USA
3319,NCT05199103,Poland,Europe,POL
3323,NCT05214274,China,East Asia,CHN
3325,NCT05216718,"Korea, Republic of",East Asia,KOR
3333,NCT05225883,France,Europe,FRA
3336,NCT05229341,United States,North America,USA
3338,NCT05239221,Hungary,Europe,HUN
3338,NCT05239221,Netherlands,Europe,NLD
3342,NCT05241626,Egypt,Africa,EGY
3361,NCT05264857,United States,North America,USA
3376,NCT05280600,United Kingdom,Europe,GBR
3379,NCT05290493,Canada,North America,CAN
3379,NCT05290493,United States,North America,USA
3381,NCT05299437,Italy,Europe,ITA
3383,NCT05299632,United States,North America,USA
3386,NCT05316922,Italy,Europe,ITA
3392,NCT05329935,United States,North America,USA
3396,NCT05345119,Italy,Europe,ITA
3403,NCT05347082,Mexico,North America,MEX
3406,NCT02378233,Sweden,Europe,SWE
3407,NCT02742597,Canada,North America,CAN
3408,NCT02789800,Canada,North America,CAN
3410,NCT02966405,China,East Asia,CHN
3411,NCT03149354,France,Europe,FRA
3415,NCT03922087,China,East Asia,CHN
3416,NCT03932487,China,East Asia,CHN
3417,NCT04019509,Belgium,Europe,BEL
3418,NCT04208503,Poland,Europe,POL
3422,NCT04388956,Taiwan,East Asia,TWN
3426,NCT04571736,France,Europe,FRA
3427,NCT04585126,France,Europe,FRA
3428,NCT04615988,United States,North America,USA
3429,NCT04658524,Brazil,South America,BRA
3431,NCT04708704,United States,North America,USA
3435,NCT04936698,Taiwan,East Asia,TWN
3437,NCT04991493,China,East Asia,CHN
3438,NCT05016518,"Korea, Republic of",East Asia,KOR
3440,NCT05103774,Egypt,Africa,EGY
3441,NCT05126108,France,Europe,FRA
3442,NCT05151120,France,Europe,FRA
3443,NCT05251194,"Korea, Republic of",East Asia,KOR
3444,NCT05323539,Turkey,Middle East,TUR
3449,NCT00001160,United States,North America,USA
3452,NCT00001242,United States,North America,USA
3454,NCT00001304,United States,North America,USA
3455,NCT00001394,United States,North America,USA
3456,NCT00001730,United States,North America,USA
3465,NCT00006329,United States,North America,USA
3478,NCT00080574,United States,North America,USA
3480,NCT00094055,United States,North America,USA
3485,NCT00098345,France,Europe,FRA
3485,NCT00098345,United States,North America,USA
3489,NCT00111735,Australia,Pacifica,AUS
3490,NCT00115739,United States,North America,USA
3491,NCT00115895,Finland,Europe,FIN
3497,NCT00123760,Canada,North America,CAN
3498,NCT00124527,Argentina,South America,ARG
3498,NCT00124527,France,Europe,FRA
3498,NCT00124527,Peru,South America,PER
3498,NCT00124527,Russian Federation,North Asia,RUS
3498,NCT00124527,Ukraine,Europe,UKR
3498,NCT00124527,United States,North America,USA
3499,NCT00126568,United States,North America,USA
3506,NCT00144079,Austria,Europe,AUT
3506,NCT00144079,Germany,Europe,DEU
3506,NCT00144079,Switzerland,Europe,CHE
3507,NCT00148213,Germany,Europe,DEU
3509,NCT00151723,Netherlands,Europe,NLD
3510,NCT00169806,United States,North America,USA
3512,NCT00176748,United States,North America,USA
3513,NCT00181168,France,Europe,FRA
3513,NCT00181168,United States,North America,USA
3516,NCT00206375,United States,North America,USA
3518,NCT00215605,United States,North America,USA
3519,NCT00223158,Canada,North America,CAN
3520,NCT00230802,United States,North America,USA
3521,NCT00251316,United States,North America,USA
3524,NCT00271427,Turkey,Middle East,TUR
3525,NCT00275171,Denmark,Europe,DNK
3526,NCT00277589,Germany,Europe,DEU
3528,NCT00280852,Canada,North America,CAN
3532,NCT00295763,Canada,North America,CAN
3532,NCT00295763,France,Europe,FRA
3532,NCT00295763,Germany,Europe,DEU
3532,NCT00295763,Italy,Europe,ITA
3532,NCT00295763,United States,North America,USA
3534,NCT00336102,United States,North America,USA
3535,NCT00339716,Belarus,North Asia,BLR
3536,NCT00341094,Ukraine,Europe,UKR
3537,NCT00341185,Kazakhstan,North Asia,KAZ
3538,NCT00342407,United States,North America,USA
3539,NCT00342446,United States,North America,USA
3543,NCT00354523,United States,North America,USA
3544,NCT00356512,United States,North America,USA
3545,NCT00358956,Australia,Pacifica,AUS
3545,NCT00358956,Canada,North America,CAN
3545,NCT00358956,Italy,Europe,ITA
3545,NCT00358956,Netherlands,Europe,NLD
3545,NCT00358956,Romania,Europe,ROU
3545,NCT00358956,Spain,Europe,ESP
3545,NCT00358956,Switzerland,Europe,CHE
3545,NCT00358956,United States,North America,USA
3546,NCT00359385,United States,North America,USA
3548,NCT00374595,United States,North America,USA
3549,NCT00377312,United States,North America,USA
3555,NCT00389441,Canada,North America,CAN
3555,NCT00389441,China,East Asia,CHN
3555,NCT00389441,Czech Republic,Europe,CZE
3555,NCT00389441,India,South Asia,IND
3555,NCT00389441,Italy,Europe,ITA
3555,NCT00389441,Poland,Europe,POL
3555,NCT00389441,Spain,Europe,ESP
3555,NCT00389441,United Kingdom,Europe,GBR
3555,NCT00389441,United States,North America,USA
3556,NCT00395538,United States,North America,USA
3564,NCT00403390,United States,North America,USA
3565,NCT00403598,Israel,Middle East,ISR
3566,NCT00405405,United States,North America,USA
3567,NCT00410761,Australia,Pacifica,AUS
3567,NCT00410761,Austria,Europe,AUT
3567,NCT00410761,Belgium,Europe,BEL
3567,NCT00410761,Brazil,South America,BRA
3567,NCT00410761,Canada,North America,CAN
3567,NCT00410761,Czechia,Europe,CZE
3567,NCT00410761,Denmark,Europe,DNK
3567,NCT00410761,France,Europe,FRA
3567,NCT00410761,Germany,Europe,DEU
3567,NCT00410761,Hungary,Europe,HUN
3567,NCT00410761,India,South Asia,IND
3567,NCT00410761,Italy,Europe,ITA
3567,NCT00410761,"Korea, Republic of",East Asia,KOR
3567,NCT00410761,Mexico,North America,MEX
3567,NCT00410761,Netherlands,Europe,NLD
3567,NCT00410761,Poland,Europe,POL
3567,NCT00410761,Portugal,Europe,PRT
3567,NCT00410761,Romania,Europe,ROU
3567,NCT00410761,Russian Federation,North Asia,RUS
3567,NCT00410761,Serbia,Europe,SRB
3567,NCT00410761,Spain,Europe,ESP
3567,NCT00410761,Sweden,Europe,SWE
3567,NCT00410761,Switzerland,Europe,CHE
3567,NCT00410761,United States,North America,USA
3569,NCT00417612,United States,North America,USA
3574,NCT00435851,France,Europe,FRA
3576,NCT00439478,Switzerland,Europe,CHE
3578,NCT00451880,United States,North America,USA
3579,NCT00452049,Belgium,Europe,BEL
3580,NCT00454077,Italy,Europe,ITA
3581,NCT00454220,Brazil,South America,BRA
3581,NCT00454220,Canada,North America,CAN
3581,NCT00454220,Denmark,Europe,DNK
3581,NCT00454220,France,Europe,FRA
3581,NCT00454220,Germany,Europe,DEU
3581,NCT00454220,Italy,Europe,ITA
3581,NCT00454220,Netherlands,Europe,NLD
3581,NCT00454220,United States,North America,USA
3583,NCT00459459,Taiwan,East Asia,TWN
3585,NCT00467506,France,Europe,FRA
3588,NCT00471458,Finland,Europe,FIN
3589,NCT00473265,United States,North America,USA
3591,NCT00488644,United States,North America,USA
3593,NCT00497484,Italy,Europe,ITA
3595,NCT00501215,United States,North America,USA
3596,NCT00505479,China,East Asia,CHN
3597,NCT00507429,Belarus,North Asia,BLR
3597,NCT00507429,Bulgaria,Europe,BGR
3597,NCT00507429,Egypt,Africa,EGY
3597,NCT00507429,India,South Asia,IND
3597,NCT00507429,Israel,Middle East,ISR
3597,NCT00507429,Italy,Europe,ITA
3597,NCT00507429,Poland,Europe,POL
3597,NCT00507429,Romania,Europe,ROU
3597,NCT00507429,Russian Federation,North Asia,RUS
3597,NCT00507429,Ukraine,Europe,UKR
3597,NCT00507429,United Kingdom,Europe,GBR
3597,NCT00507429,United States,North America,USA
3598,NCT00510640,France,Europe,FRA
3599,NCT00513032,Switzerland,Europe,CHE
3600,NCT00514046,United States,North America,USA
3604,NCT00524238,Denmark,Europe,DNK
3605,NCT00525122,Netherlands,Europe,NLD
3608,NCT00537095,Belgium,Europe,BEL
3608,NCT00537095,Denmark,Europe,DNK
3608,NCT00537095,France,Europe,FRA
3608,NCT00537095,Norway,Europe,NOR
3608,NCT00537095,Spain,Europe,ESP
3608,NCT00537095,Sweden,Europe,SWE
3608,NCT00537095,Switzerland,Europe,CHE
3611,NCT00538720,United States,North America,USA
3612,NCT00551486,"Korea, Republic of",East Asia,KOR
3614,NCT00552487,Germany,Europe,DEU
3616,NCT00565864,United States,North America,USA
3617,NCT00566488,United States,North America,USA
3618,NCT00568438,United States,North America,USA
3619,NCT00569920,Norway,Europe,NOR
3623,NCT00573573,Canada,North America,CAN
3624,NCT00580788,United States,North America,USA
3625,NCT00581828,United States,North America,USA
3626,NCT00582712,United States,North America,USA
3629,NCT00591032,Germany,Europe,DEU
3630,NCT00598364,United States,North America,USA
3632,NCT00603941,United States,North America,USA
3633,NCT00604318,Denmark,Europe,DNK
3635,NCT00615537,United States,North America,USA
3638,NCT00625846,Australia,Pacifica,AUS
3638,NCT00625846,China,East Asia,CHN
3638,NCT00625846,Singapore,Southest Asia,SGP
3638,NCT00625846,Taiwan,East Asia,TWN
3638,NCT00625846,United States,North America,USA
3641,NCT00647140,France,Europe,FRA
3646,NCT00668811,United States,North America,USA
3649,NCT00673010,United States,North America,USA
3652,NCT00687778,Israel,Middle East,ISR
3653,NCT00691990,Greece,Europe,GRC
3654,NCT00692835,Greece,Europe,GRC
3655,NCT00693147,Greece,Europe,GRC
3657,NCT00704730,Austria,Europe,AUT
3657,NCT00704730,Belgium,Europe,BEL
3657,NCT00704730,Brazil,South America,BRA
3657,NCT00704730,Canada,North America,CAN
3657,NCT00704730,Chile,South America,CHL
3657,NCT00704730,Denmark,Europe,DNK
3657,NCT00704730,France,Europe,FRA
3657,NCT00704730,Germany,Europe,DEU
3657,NCT00704730,Greece,Europe,GRC
3657,NCT00704730,India,South Asia,IND
3657,NCT00704730,Israel,Middle East,ISR
3657,NCT00704730,Italy,Europe,ITA
3657,NCT00704730,"Korea, Republic of",East Asia,KOR
3657,NCT00704730,Netherlands,Europe,NLD
3657,NCT00704730,Peru,South America,PER
3657,NCT00704730,Poland,Europe,POL
3657,NCT00704730,Portugal,Europe,PRT
3657,NCT00704730,Russian Federation,North Asia,RUS
3657,NCT00704730,Saudi Arabia,Middle East,SAU
3657,NCT00704730,Spain,Europe,ESP
3657,NCT00704730,Sweden,Europe,SWE
3657,NCT00704730,Switzerland,Europe,CHE
3657,NCT00704730,United Kingdom,Europe,GBR
3657,NCT00704730,United States,North America,USA
3659,NCT00718770,United States,North America,USA
3660,NCT00719615,United States,North America,USA
3661,NCT00730210,Denmark,Europe,DNK
3662,NCT00732615,Belgium,Europe,BEL
3662,NCT00732615,Canada,North America,CAN
3662,NCT00732615,Denmark,Europe,DNK
3662,NCT00732615,France,Europe,FRA
3662,NCT00732615,Hungary,Europe,HUN
3662,NCT00732615,Italy,Europe,ITA
3662,NCT00732615,United Kingdom,Europe,GBR
3662,NCT00732615,United States,North America,USA
3664,NCT00743782,United States,North America,USA
3665,NCT00744302,China,East Asia,CHN
3666,NCT00747760,Israel,Middle East,ISR
3666,NCT00747760,United States,North America,USA
3667,NCT00749697,United Kingdom,Europe,GBR
3668,NCT00754182,Italy,Europe,ITA
3671,NCT00770016,Denmark,Europe,DNK
3673,NCT00784303,Australia,Pacifica,AUS
3673,NCT00784303,France,Europe,FRA
3673,NCT00784303,Italy,Europe,ITA
3673,NCT00784303,Poland,Europe,POL
3673,NCT00784303,United Kingdom,Europe,GBR
3673,NCT00784303,United States,North America,USA
3674,NCT00786552,Germany,Europe,DEU
3676,NCT00793689,Greece,Europe,GRC
3677,NCT00794053,Egypt,Africa,EGY
3678,NCT00795782,"Korea, Republic of",East Asia,KOR
3681,NCT00800358,Malaysia,Southest Asia,MYS
3685,NCT00818896,United States,North America,USA
3688,NCT00824226,Estonia,Europe,EST
3690,NCT00856401,United States,North America,USA
3694,NCT00880503,United States,North America,USA
3696,NCT00887666,United States,North America,USA
3699,NCT00896454,Canada,North America,CAN
3699,NCT00896454,France,Europe,FRA
3699,NCT00896454,Italy,Europe,ITA
3699,NCT00896454,Poland,Europe,POL
3699,NCT00896454,United States,North America,USA
3701,NCT00905866,Taiwan,East Asia,TWN
3702,NCT00923247,United States,North America,USA
3703,NCT00926978,United States,North America,USA
3706,NCT00929318,Germany,Europe,DEU
3708,NCT00936858,United States,North America,USA
3710,NCT00941551,Poland,Europe,POL
3713,NCT00946894,Poland,Europe,POL
3714,NCT00948337,"Korea, Republic of",East Asia,KOR
3718,NCT00970359,United States,North America,USA
3720,NCT00975000,Australia,Pacifica,AUS
3720,NCT00975000,Austria,Europe,AUT
3720,NCT00975000,Belgium,Europe,BEL
3720,NCT00975000,Canada,North America,CAN
3720,NCT00975000,France,Europe,FRA
3720,NCT00975000,Germany,Europe,DEU
3720,NCT00975000,Italy,Europe,ITA
3720,NCT00975000,Poland,Europe,POL
3720,NCT00975000,Spain,Europe,ESP
3720,NCT00975000,Switzerland,Europe,CHE
3720,NCT00975000,United States,North America,USA
3724,NCT00984191,Thailand,Southest Asia,THA
3725,NCT00984282,Austria,Europe,AUT
3725,NCT00984282,Belgium,Europe,BEL
3725,NCT00984282,Bulgaria,Europe,BGR
3725,NCT00984282,China,East Asia,CHN
3725,NCT00984282,Denmark,Europe,DNK
3725,NCT00984282,France,Europe,FRA
3725,NCT00984282,Germany,Europe,DEU
3725,NCT00984282,Italy,Europe,ITA
3725,NCT00984282,Japan,East Asia,JPN
3725,NCT00984282,"Korea, Republic of",East Asia,KOR
3725,NCT00984282,Netherlands,Europe,NLD
3725,NCT00984282,Poland,Europe,POL
3725,NCT00984282,Russian Federation,North Asia,RUS
3725,NCT00984282,Saudi Arabia,Middle East,SAU
3725,NCT00984282,Spain,Europe,ESP
3725,NCT00984282,Sweden,Europe,SWE
3725,NCT00984282,United Kingdom,Europe,GBR
3725,NCT00984282,United States,North America,USA
3727,NCT00993837,China,East Asia,CHN
3730,NCT01003652,Belgium,Europe,BEL
3731,NCT01005654,United States,North America,USA
3734,NCT01013597,United States,North America,USA
3736,NCT01025453,United States,North America,USA
3737,NCT01039714,Greece,Europe,GRC
3739,NCT01042626,Italy,Europe,ITA
3740,NCT01043107,China,East Asia,CHN
3744,NCT01074684,Italy,Europe,ITA
3752,NCT01095341,Germany,Europe,DEU
3753,NCT01100619,United States,North America,USA
3760,NCT01102205,Turkey,Middle East,TUR
3761,NCT01105923,United States,North America,USA
3765,NCT01126060,"Korea, Republic of",East Asia,KOR
3766,NCT01129492,Brazil,South America,BRA
3770,NCT01141309,United States,North America,USA
3771,NCT01143987,Hong Kong,East Asia,HKG
3772,NCT01145040,Germany,Europe,DEU
3775,NCT01150318,France,Europe,FRA
3776,NCT01153945,Israel,Middle East,ISR
3778,NCT01163669,United States,North America,USA
3780,NCT01173289,"Korea, Republic of",East Asia,KOR
3783,NCT01191762,United States,North America,USA
3784,NCT01197183,France,Europe,FRA
3785,NCT01199614,United States,North America,USA
3786,NCT01204359,China,East Asia,CHN
3789,NCT01221896,Israel,Middle East,ISR
3791,NCT01223638,Israel,Middle East,ISR
3793,NCT01226810,Israel,Middle East,ISR
3798,NCT01236547,United States,North America,USA
3799,NCT01240590,United States,North America,USA
3801,NCT01263951,United States,North America,USA
3802,NCT01265381,Ukraine,Europe,UKR
3804,NCT01268098,United States,North America,USA
3805,NCT01270321,United States,North America,USA
3807,NCT01273714,Poland,Europe,POL
3810,NCT01277510,Australia,Pacifica,AUS
3810,NCT01277510,Belgium,Europe,BEL
3810,NCT01277510,Germany,Europe,DEU
3810,NCT01277510,Hungary,Europe,HUN
3810,NCT01277510,Mexico,North America,MEX
3810,NCT01277510,Poland,Europe,POL
3810,NCT01277510,Russian Federation,North Asia,RUS
3810,NCT01277510,Slovakia,Europe,SVK
3810,NCT01277510,Spain,Europe,ESP
3810,NCT01277510,United States,North America,USA
3815,NCT01292044,France,Europe,FRA
3817,NCT01297309,United States,North America,USA
3820,NCT01298323,Australia,Pacifica,AUS
3820,NCT01298323,Austria,Europe,AUT
3820,NCT01298323,Belgium,Europe,BEL
3820,NCT01298323,Brazil,South America,BRA
3820,NCT01298323,Bulgaria,Europe,BGR
3820,NCT01298323,Canada,North America,CAN
3820,NCT01298323,China,East Asia,CHN
3820,NCT01298323,Czechia,Europe,CZE
3820,NCT01298323,Denmark,Europe,DNK
3820,NCT01298323,Finland,Europe,FIN
3820,NCT01298323,Germany,Europe,DEU
3820,NCT01298323,Greece,Europe,GRC
3820,NCT01298323,India,South Asia,IND
3820,NCT01298323,Israel,Middle East,ISR
3820,NCT01298323,Italy,Europe,ITA
3820,NCT01298323,"Korea, Republic of",East Asia,KOR
3820,NCT01298323,Poland,Europe,POL
3820,NCT01298323,Russian Federation,North Asia,RUS
3820,NCT01298323,Sweden,Europe,SWE
3820,NCT01298323,United Kingdom,Europe,GBR
3824,NCT01311089,"Korea, Republic of",East Asia,KOR
3829,NCT01321554,Argentina,South America,ARG
3829,NCT01321554,Australia,Pacifica,AUS
3829,NCT01321554,Austria,Europe,AUT
3829,NCT01321554,Belgium,Europe,BEL
3829,NCT01321554,Brazil,South America,BRA
3829,NCT01321554,Canada,North America,CAN
3829,NCT01321554,Chile,South America,CHL
3829,NCT01321554,Czechia,Europe,CZE
3829,NCT01321554,Denmark,Europe,DNK
3829,NCT01321554,France,Europe,FRA
3829,NCT01321554,Germany,Europe,DEU
3829,NCT01321554,Italy,Europe,ITA
3829,NCT01321554,Japan,East Asia,JPN
3829,NCT01321554,"Korea, Republic of",East Asia,KOR
3829,NCT01321554,Poland,Europe,POL
3829,NCT01321554,Portugal,Europe,PRT
3829,NCT01321554,Romania,Europe,ROU
3829,NCT01321554,Russian Federation,North Asia,RUS
3829,NCT01321554,Spain,Europe,ESP
3829,NCT01321554,Sweden,Europe,SWE
3829,NCT01321554,Thailand,Southest Asia,THA
3829,NCT01321554,United Kingdom,Europe,GBR
3829,NCT01321554,United States,North America,USA
3830,NCT01325857,"Korea, Republic of",East Asia,KOR
3832,NCT01333267,United States,North America,USA
3833,NCT01338597,China,East Asia,CHN
3835,NCT01349634,Canada,North America,CAN
3837,NCT01354639,"Korea, Republic of",East Asia,KOR
3838,NCT01358136,Denmark,Europe,DNK
3841,NCT01373736,Canada,North America,CAN
3842,NCT01374659,"Korea, Republic of",East Asia,KOR
3843,NCT01376648,China,East Asia,CHN
3844,NCT01379170,Netherlands,Europe,NLD
3848,NCT01392222,United States,North America,USA
3849,NCT01398085,United Kingdom,Europe,GBR
3851,NCT01403324,France,Europe,FRA
3854,NCT01412762,United States,North America,USA
3857,NCT01417442,Turkey,Middle East,TUR
3859,NCT01424878,United States,North America,USA
3864,NCT01433809,United States,North America,USA
3865,NCT01437254,Canada,North America,CAN
3866,NCT01438554,United States,North America,USA
3873,NCT01455181,Hungary,Europe,HUN
3876,NCT01481402,Denmark,Europe,DNK
3877,NCT01487057,Romania,Europe,ROU
3878,NCT01488721,United States,North America,USA
3879,NCT01496313,Czechia,Europe,CZE
3879,NCT01496313,India,South Asia,IND
3879,NCT01496313,Israel,Middle East,ISR
3879,NCT01496313,Italy,Europe,ITA
3879,NCT01496313,Netherlands,Europe,NLD
3879,NCT01496313,Poland,Europe,POL
3879,NCT01496313,Russian Federation,North Asia,RUS
3879,NCT01496313,United Kingdom,Europe,GBR
3879,NCT01496313,United States,North America,USA
3880,NCT01498341,Denmark,Europe,DNK
3881,NCT01501110,Brazil,South America,BRA
3882,NCT01502410,Australia,Pacifica,AUS
3882,NCT01502410,Canada,North America,CAN
3882,NCT01502410,United States,North America,USA
3884,NCT01510002,Poland,Europe,POL
3885,NCT01511393,United States,North America,USA
3886,NCT01512212,Turkey,Middle East,TUR
3888,NCT01534897,United States,North America,USA
3889,NCT01536678,India,South Asia,IND
3891,NCT01539655,United States,North America,USA
3892,NCT01551498,United States,North America,USA
3893,NCT01552434,United States,North America,USA
3896,NCT01565486,"Korea, Republic of",East Asia,KOR
3898,NCT01573520,Switzerland,Europe,CHE
3900,NCT01586520,United Kingdom,Europe,GBR
3901,NCT01588288,France,Europe,FRA
3904,NCT01616316,"Korea, Republic of",East Asia,KOR
3905,NCT01625520,Italy,Europe,ITA
3906,NCT01631305,Mexico,North America,MEX
3908,NCT01640184,China,East Asia,CHN
3910,NCT01641679,Netherlands,Europe,NLD
3912,NCT01647750,United Kingdom,Europe,GBR
3916,NCT01656070,Italy,Europe,ITA
3917,NCT01658085,Spain,Europe,ESP
3918,NCT01659385,United States,North America,USA
3919,NCT01660984,United States,North America,USA
3920,NCT01668238,China,East Asia,CHN
3921,NCT01691781,United States,North America,USA
3922,NCT01700699,Italy,Europe,ITA
3925,NCT01707056,United States,North America,USA
3927,NCT01709292,United States,North America,USA
3928,NCT01709435,Canada,North America,CAN
3928,NCT01709435,United States,North America,USA
3929,NCT01723202,United States,North America,USA
3938,NCT01728623,Japan,East Asia,JPN
3939,NCT01730638,France,Europe,FRA
3940,NCT01736163,Germany,Europe,DEU
3940,NCT01736163,Italy,Europe,ITA
3940,NCT01736163,Portugal,Europe,PRT
3940,NCT01736163,Spain,Europe,ESP
3941,NCT01736878,Germany,Europe,DEU
3943,NCT01739634,United States,North America,USA
3945,NCT01744743,China,East Asia,CHN
3951,NCT01757470,Canada,North America,CAN
3953,NCT01761149,China,East Asia,CHN
3954,NCT01769157,"Korea, Republic of",East Asia,KOR
3955,NCT01771523,Turkey,Middle East,TUR
3956,NCT01774279,Ireland,Europe,IRL
3956,NCT01774279,United Kingdom,Europe,GBR
3957,NCT01776385,France,Europe,FRA
3961,NCT01780584,Indonesia,Southest Asia,IDN
3962,NCT01781767,Israel,Middle East,ISR
3968,NCT01792492,United States,North America,USA
3971,NCT01800617,United States,North America,USA
3974,NCT01811199,Turkey,Middle East,TUR
3978,NCT01812395,Turkey,Middle East,TUR
3979,NCT01813136,France,Europe,FRA
3980,NCT01815021,Israel,Middle East,ISR
3981,NCT01831869,China,East Asia,CHN
3983,NCT01833650,Cyprus,Middle East,CYP
3986,NCT01838642,United States,North America,USA
3987,NCT01840332,Estonia,Europe,EST
3988,NCT01843062,Brazil,South America,BRA
3988,NCT01843062,Denmark,Europe,DNK
3988,NCT01843062,France,Europe,FRA
3988,NCT01843062,Germany,Europe,DEU
3988,NCT01843062,Italy,Europe,ITA
3988,NCT01843062,Poland,Europe,POL
3988,NCT01843062,Sweden,Europe,SWE
3988,NCT01843062,United States,North America,USA
3989,NCT01848171,China,East Asia,CHN
3991,NCT01862510,United States,North America,USA
3992,NCT01865838,Singapore,Southest Asia,SGP
3994,NCT01872429,Taiwan,East Asia,TWN
3995,NCT01876784,Brazil,South America,BRA
3995,NCT01876784,China,East Asia,CHN
3995,NCT01876784,Czechia,Europe,CZE
3995,NCT01876784,Denmark,Europe,DNK
3995,NCT01876784,France,Europe,FRA
3995,NCT01876784,Italy,Europe,ITA
3995,NCT01876784,Japan,East Asia,JPN
3995,NCT01876784,Poland,Europe,POL
3995,NCT01876784,Russian Federation,North Asia,RUS
3995,NCT01876784,Spain,Europe,ESP
3995,NCT01876784,Sweden,Europe,SWE
3995,NCT01876784,United States,North America,USA
3996,NCT01882816,United States,North America,USA
4000,NCT01896479,Australia,Pacifica,AUS
4000,NCT01896479,Canada,North America,CAN
4000,NCT01896479,Croatia,Europe,HRV
4000,NCT01896479,France,Europe,FRA
4000,NCT01896479,Hungary,Europe,HUN
4000,NCT01896479,Israel,Middle East,ISR
4000,NCT01896479,Italy,Europe,ITA
4000,NCT01896479,"Korea, Republic of",East Asia,KOR
4000,NCT01896479,Netherlands,Europe,NLD
4000,NCT01896479,Poland,Europe,POL
4000,NCT01896479,Romania,Europe,ROU
4000,NCT01896479,Russian Federation,North Asia,RUS
4000,NCT01896479,Spain,Europe,ESP
4000,NCT01896479,Sweden,Europe,SWE
4001,NCT01907997,"Korea, Republic of",East Asia,KOR
4002,NCT01915485,Brazil,South America,BRA
4003,NCT01916018,France,Europe,FRA
4004,NCT01916304,Belgium,Europe,BEL
4005,NCT01921452,China,East Asia,CHN
4006,NCT01922440,Austria,Europe,AUT
4006,NCT01922440,Canada,North America,CAN
4006,NCT01922440,Denmark,Europe,DNK
4006,NCT01922440,Germany,Europe,DEU
4006,NCT01922440,Greece,Europe,GRC
4006,NCT01922440,Italy,Europe,ITA
4006,NCT01922440,Norway,Europe,NOR
4006,NCT01922440,Spain,Europe,ESP
4006,NCT01922440,Sweden,Europe,SWE
4006,NCT01922440,United Kingdom,Europe,GBR
4006,NCT01922440,United States,North America,USA
4011,NCT01935856,Japan,East Asia,JPN
4012,NCT01945229,Sweden,Europe,SWE
4013,NCT01947023,United States,North America,USA
4014,NCT01954134,Turkey,Middle East,TUR
4015,NCT01964144,"Korea, Republic of",East Asia,KOR
4016,NCT01964508,Israel,Middle East,ISR
4018,NCT01974284,United States,North America,USA
4019,NCT01994200,Canada,North America,CAN
4021,NCT01997554,France,Europe,FRA
4023,NCT02005250,Denmark,Europe,DNK
4025,NCT02012231,United States,North America,USA
4026,NCT02012686,"Korea, Republic of",East Asia,KOR
4027,NCT02012699,United States,North America,USA
4028,NCT02013479,Denmark,Europe,DNK
4029,NCT02018276,"Korea, Republic of",East Asia,KOR
4031,NCT02062632,United States,North America,USA
4032,NCT02084732,Colombia,South America,COL
4033,NCT02088645,Switzerland,Europe,CHE
4034,NCT02094079,Denmark,Europe,DNK
4040,NCT02114658,Japan,East Asia,JPN
4041,NCT02133040,Denmark,Europe,DNK
4045,NCT02145143,United States,North America,USA
4047,NCT02152137,United States,North America,USA
4049,NCT02152228,Israel,Middle East,ISR
4053,NCT02156362,France,Europe,FRA
4054,NCT02178345,United States,North America,USA
4055,NCT02185560,Japan,East Asia,JPN
4069,NCT02208544,Netherlands,Europe,NLD
4073,NCT02223052,United States,North America,USA
4074,NCT02225509,France,Europe,FRA
4077,NCT02240563,Brazil,South America,BRA
4079,NCT02244463,United States,North America,USA
4082,NCT02278198,United States,North America,USA
4083,NCT02280330,Philippines,Southest Asia,PHL
4085,NCT02301520,Haiti,Central America,HTI
4087,NCT02303444,Algeria,Africa,DZA
4087,NCT02303444,Argentina,South America,ARG
4087,NCT02303444,Brazil,South America,BRA
4087,NCT02303444,Egypt,Africa,EGY
4087,NCT02303444,France,Europe,FRA
4087,NCT02303444,Germany,Europe,DEU
4087,NCT02303444,Greece,Europe,GRC
4087,NCT02303444,India,South Asia,IND
4087,NCT02303444,Japan,East Asia,JPN
4087,NCT02303444,Lebanon,Middle East,LBN
4087,NCT02303444,Mexico,North America,MEX
4087,NCT02303444,Netherlands,Europe,NLD
4087,NCT02303444,Philippines,Southest Asia,PHL
4087,NCT02303444,Russian Federation,North Asia,RUS
4087,NCT02303444,Saudi Arabia,Middle East,SAU
4087,NCT02303444,Spain,Europe,ESP
4087,NCT02303444,Taiwan,East Asia,TWN
4087,NCT02303444,Turkey,Middle East,TUR
4087,NCT02303444,United States,North America,USA
4088,NCT02304757,China,East Asia,CHN
4089,NCT02307175,Canada,North America,CAN
4091,NCT02317926,United States,North America,USA
4093,NCT02323724,Spain,Europe,ESP
4098,NCT02347683,United States,North America,USA
4100,NCT02363647,United States,North America,USA
4101,NCT02364102,Switzerland,Europe,CHE
4102,NCT02374593,United States,North America,USA
4103,NCT02375451,United States,North America,USA
4106,NCT02383927,Belgium,Europe,BEL
4106,NCT02383927,France,Europe,FRA
4106,NCT02383927,Germany,Europe,DEU
4106,NCT02383927,Greece,Europe,GRC
4106,NCT02383927,Italy,Europe,ITA
4106,NCT02383927,"Korea, Republic of",East Asia,KOR
4106,NCT02383927,Netherlands,Europe,NLD
4106,NCT02383927,Spain,Europe,ESP
4106,NCT02383927,United Kingdom,Europe,GBR
4106,NCT02383927,United States,North America,USA
4108,NCT02390934,France,Europe,FRA
4113,NCT02404441,Canada,North America,CAN
4113,NCT02404441,France,Europe,FRA
4113,NCT02404441,Germany,Europe,DEU
4113,NCT02404441,Hungary,Europe,HUN
4113,NCT02404441,Italy,Europe,ITA
4113,NCT02404441,Lebanon,Middle East,LBN
4113,NCT02404441,Netherlands,Europe,NLD
4113,NCT02404441,Norway,Europe,NOR
4113,NCT02404441,Poland,Europe,POL
4113,NCT02404441,Spain,Europe,ESP
4113,NCT02404441,Taiwan,East Asia,TWN
4113,NCT02404441,Thailand,Southest Asia,THA
4113,NCT02404441,Turkey,Middle East,TUR
4113,NCT02404441,United States,North America,USA
4116,NCT02411461,United States,North America,USA
4117,NCT02412150,"Korea, Republic of",East Asia,KOR
4119,NCT02418247,"Korea, Republic of",East Asia,KOR
4120,NCT02418390,"Korea, Republic of",East Asia,KOR
4122,NCT02430714,Japan,East Asia,JPN
4124,NCT02442661,United States,North America,USA
4125,NCT02456701,United States,North America,USA
4128,NCT02465060,Guam,Pacifica,GUM
4128,NCT02465060,Puerto Rico,Central America,PRI
4128,NCT02465060,United States,North America,USA
4129,NCT02465424,United Kingdom,Europe,GBR
4130,NCT02467244,India,South Asia,IND
4131,NCT02468921,Denmark,Europe,DNK
4132,NCT02472080,France,Europe,FRA
4134,NCT02499471,Netherlands,Europe,NLD
4136,NCT02512978,China,East Asia,CHN
4137,NCT02514187,Canada,North America,CAN
4138,NCT02515084,France,Europe,FRA
4140,NCT02524041,France,Europe,FRA
4149,NCT02561533,Denmark,Europe,DNK
4150,NCT02567877,United States,North America,USA
4151,NCT02568267,Australia,Pacifica,AUS
4151,NCT02568267,Belgium,Europe,BEL
4151,NCT02568267,China,East Asia,CHN
4151,NCT02568267,France,Europe,FRA
4151,NCT02568267,Germany,Europe,DEU
4151,NCT02568267,Hong Kong,East Asia,HKG
4151,NCT02568267,Italy,Europe,ITA
4151,NCT02568267,Japan,East Asia,JPN
4151,NCT02568267,"Korea, Republic of",East Asia,KOR
4151,NCT02568267,Netherlands,Europe,NLD
4151,NCT02568267,Poland,Europe,POL
4151,NCT02568267,Singapore,Southest Asia,SGP
4151,NCT02568267,Spain,Europe,ESP
4151,NCT02568267,Taiwan,East Asia,TWN
4151,NCT02568267,United Kingdom,Europe,GBR
4151,NCT02568267,United States,North America,USA
4152,NCT02577367,United States,North America,USA
4153,NCT02586337,China,East Asia,CHN
4154,NCT02586350,China,East Asia,CHN
4155,NCT02591160,United States,North America,USA
4156,NCT02592356,United States,North America,USA
4157,NCT02602717,France,Europe,FRA
4158,NCT02614495,China,East Asia,CHN
4160,NCT02628067,Australia,Pacifica,AUS
4160,NCT02628067,Brazil,South America,BRA
4160,NCT02628067,Canada,North America,CAN
4160,NCT02628067,China,East Asia,CHN
4160,NCT02628067,Colombia,South America,COL
4160,NCT02628067,Denmark,Europe,DNK
4160,NCT02628067,France,Europe,FRA
4160,NCT02628067,Germany,Europe,DEU
4160,NCT02628067,Israel,Middle East,ISR
4160,NCT02628067,Italy,Europe,ITA
4160,NCT02628067,"Korea, Republic of",East Asia,KOR
4160,NCT02628067,Netherlands,Europe,NLD
4160,NCT02628067,Norway,Europe,NOR
4160,NCT02628067,Philippines,Southest Asia,PHL
4160,NCT02628067,Russian Federation,North Asia,RUS
4160,NCT02628067,South Africa,Africa,ZAF
4160,NCT02628067,Spain,Europe,ESP
4160,NCT02628067,Taiwan,East Asia,TWN
4160,NCT02628067,United States,North America,USA
4161,NCT02638077,China,East Asia,CHN
4162,NCT02644707,Greece,Europe,GRC
4163,NCT02648399,China,East Asia,CHN
4164,NCT02651818,Denmark,Europe,DNK
4166,NCT02657369,Australia,Pacifica,AUS
4166,NCT02657369,France,Europe,FRA
4166,NCT02657369,Italy,Europe,ITA
4166,NCT02657369,United Kingdom,Europe,GBR
4166,NCT02657369,United States,North America,USA
4167,NCT02657551,United States,North America,USA
4171,NCT02658513,United Kingdom,Europe,GBR
4172,NCT02688608,United States,North America,USA
4174,NCT02702388,Australia,Pacifica,AUS
4174,NCT02702388,Belgium,Europe,BEL
4174,NCT02702388,Canada,North America,CAN
4174,NCT02702388,Denmark,Europe,DNK
4174,NCT02702388,France,Europe,FRA
4174,NCT02702388,Germany,Europe,DEU
4174,NCT02702388,Israel,Middle East,ISR
4174,NCT02702388,Italy,Europe,ITA
4174,NCT02702388,"Korea, Republic of",East Asia,KOR
4174,NCT02702388,Poland,Europe,POL
4174,NCT02702388,Romania,Europe,ROU
4174,NCT02702388,Russian Federation,North Asia,RUS
4174,NCT02702388,Spain,Europe,ESP
4174,NCT02702388,Sweden,Europe,SWE
4174,NCT02702388,United Kingdom,Europe,GBR
4174,NCT02702388,United States,North America,USA
4175,NCT02706743,China,East Asia,CHN
4176,NCT02709889,United States,North America,USA
4181,NCT02711059,Sweden,Europe,SWE
4182,NCT02713269,United States,North America,USA
4185,NCT02726282,United States,North America,USA
4186,NCT02726503,Japan,East Asia,JPN
4187,NCT02731352,China,East Asia,CHN
4188,NCT02747888,United States,North America,USA
4189,NCT02747979,China,East Asia,CHN
4191,NCT02758158,Canada,North America,CAN
4193,NCT02766283,Israel,Middle East,ISR
4194,NCT02767245,Thailand,Southest Asia,THA
4195,NCT02768753,China,East Asia,CHN
4197,NCT02773667,Germany,Europe,DEU
4200,NCT02781844,Canada,North America,CAN
4200,NCT02781844,Denmark,Europe,DNK
4200,NCT02781844,Hungary,Europe,HUN
4200,NCT02781844,United States,North America,USA
4202,NCT02812888,China,East Asia,CHN
4203,NCT02814032,China,East Asia,CHN
4204,NCT02826746,"Korea, Republic of",East Asia,KOR
4206,NCT02834013,Guam,Pacifica,GUM
4206,NCT02834013,United States,North America,USA
4207,NCT02838927,France,Europe,FRA
4210,NCT02856347,France,Europe,FRA
4212,NCT02867592,United States,North America,USA
4213,NCT02869620,France,Europe,FRA
4214,NCT02870569,China,East Asia,CHN
4215,NCT02878044,United States,North America,USA
4217,NCT02886949,Taiwan,East Asia,TWN
4218,NCT02891668,Denmark,Europe,DNK
4219,NCT02901873,United Kingdom,Europe,GBR
4220,NCT02910466,United States,North America,USA
4221,NCT02911155,United States,North America,USA
4222,NCT02917863,Italy,Europe,ITA
4224,NCT02938702,"Korea, Republic of",East Asia,KOR
4226,NCT02947035,United States,North America,USA
4227,NCT02947399,United States,North America,USA
4228,NCT02952612,"Korea, Republic of",East Asia,KOR
4230,NCT02959827,United States,North America,USA
4237,NCT02986607,Norway,Europe,NOR
4239,NCT02988817,Belgium,Europe,BEL
4239,NCT02988817,Denmark,Europe,DNK
4239,NCT02988817,Netherlands,Europe,NLD
4239,NCT02988817,Spain,Europe,ESP
4239,NCT02988817,United Kingdom,Europe,GBR
4239,NCT02988817,United States,North America,USA
4242,NCT02993562,Denmark,Europe,DNK
4253,NCT03024151,"Korea, Republic of",East Asia,KOR
4254,NCT03027349,Italy,Europe,ITA
4256,NCT03029429,United States,North America,USA
4258,NCT03031639,Thailand,Southest Asia,THA
4261,NCT03037385,Belgium,Europe,BEL
4261,NCT03037385,China,East Asia,CHN
4261,NCT03037385,France,Europe,FRA
4261,NCT03037385,Germany,Europe,DEU
4261,NCT03037385,Hong Kong,East Asia,HKG
4261,NCT03037385,Italy,Europe,ITA
4261,NCT03037385,"Korea, Republic of",East Asia,KOR
4261,NCT03037385,Netherlands,Europe,NLD
4261,NCT03037385,Singapore,Southest Asia,SGP
4261,NCT03037385,Spain,Europe,ESP
4261,NCT03037385,Taiwan,East Asia,TWN
4261,NCT03037385,United Kingdom,Europe,GBR
4261,NCT03037385,United States,North America,USA
4265,NCT03044600,United States,North America,USA
4267,NCT03048877,China,East Asia,CHN
4269,NCT03053115,Italy,Europe,ITA
4270,NCT03053999,United States,North America,USA
4273,NCT03064542,Singapore,Southest Asia,SGP
4274,NCT03065218,United States,North America,USA
4279,NCT03085056,United States,North America,USA
4280,NCT03085615,United States,North America,USA
4283,NCT03099356,United States,North America,USA
4285,NCT03103776,France,Europe,FRA
4289,NCT03127098,United States,North America,USA
4294,NCT03139747,United States,North America,USA
4295,NCT03150108,United States,North America,USA
4296,NCT03157128,Australia,Pacifica,AUS
4296,NCT03157128,Canada,North America,CAN
4296,NCT03157128,Denmark,Europe,DNK
4296,NCT03157128,France,Europe,FRA
4296,NCT03157128,Germany,Europe,DEU
4296,NCT03157128,Hong Kong,East Asia,HKG
4296,NCT03157128,Israel,Middle East,ISR
4296,NCT03157128,Italy,Europe,ITA
4296,NCT03157128,Japan,East Asia,JPN
4296,NCT03157128,"Korea, Republic of",East Asia,KOR
4296,NCT03157128,Singapore,Southest Asia,SGP
4296,NCT03157128,Spain,Europe,ESP
4296,NCT03157128,Switzerland,Europe,CHE
4296,NCT03157128,Taiwan,East Asia,TWN
4296,NCT03157128,United Kingdom,Europe,GBR
4296,NCT03157128,United States,North America,USA
4299,NCT03160274,United States,North America,USA
4301,NCT03170804,United States,North America,USA
4304,NCT03170960,Australia,Pacifica,AUS
4304,NCT03170960,Belgium,Europe,BEL
4304,NCT03170960,France,Europe,FRA
4304,NCT03170960,Germany,Europe,DEU
4304,NCT03170960,Italy,Europe,ITA
4304,NCT03170960,Netherlands,Europe,NLD
4304,NCT03170960,Spain,Europe,ESP
4304,NCT03170960,United Kingdom,Europe,GBR
4304,NCT03170960,United States,North America,USA
4306,NCT03176485,United States,North America,USA
4308,NCT03181100,United States,North America,USA
4316,NCT03196518,United States,North America,USA
4318,NCT03203668,Slovenia,Europe,SVN
4319,NCT03215095,United States,North America,USA
4321,NCT03246659,Austria,Europe,AUT
4321,NCT03246659,Germany,Europe,DEU
4321,NCT03246659,Netherlands,Europe,NLD
4321,NCT03246659,Poland,Europe,POL
4321,NCT03246659,Slovenia,Europe,SVN
4322,NCT03246958,United States,North America,USA
4330,NCT03289403,Egypt,Africa,EGY
4331,NCT03294005,Taiwan,East Asia,TWN
4336,NCT03300765,China,East Asia,CHN
4340,NCT03324880,Belgium,Europe,BEL
4340,NCT03324880,Canada,North America,CAN
4340,NCT03324880,Denmark,Europe,DNK
4340,NCT03324880,France,Europe,FRA
4340,NCT03324880,Germany,Europe,DEU
4340,NCT03324880,Italy,Europe,ITA
4340,NCT03324880,Netherlands,Europe,NLD
4340,NCT03324880,Norway,Europe,NOR
4340,NCT03324880,Portugal,Europe,PRT
4340,NCT03324880,Spain,Europe,ESP
4340,NCT03324880,Sweden,Europe,SWE
4340,NCT03324880,United Kingdom,Europe,GBR
4340,NCT03324880,United States,North America,USA
4343,NCT03342001,United States,North America,USA
4345,NCT03360890,United States,North America,USA
4347,NCT03364738,Canada,North America,CAN
4347,NCT03364738,Denmark,Europe,DNK
4347,NCT03364738,Hungary,Europe,HUN
4347,NCT03364738,United States,North America,USA
4348,NCT03375931,"Korea, Republic of",East Asia,KOR
4349,NCT03377829,China,East Asia,CHN
4349,NCT03377829,Italy,Europe,ITA
4350,NCT03379181,Switzerland,Europe,CHE
4351,NCT03392402,Poland,Europe,POL
4355,NCT03397238,Netherlands,Europe,NLD
4357,NCT03411187,China,East Asia,CHN
4358,NCT03416686,France,Europe,FRA
4359,NCT03432299,"Korea, Republic of",East Asia,KOR
4361,NCT03437174,Germany,Europe,DEU
4362,NCT03444246,China,East Asia,CHN
4363,NCT03449108,United States,North America,USA
4366,NCT03454464,China,East Asia,CHN
4367,NCT03454477,China,East Asia,CHN
4369,NCT03463889,United States,North America,USA
4371,NCT03465176,United States,North America,USA
4372,NCT03469011,Canada,North America,CAN
4379,NCT03470259,Netherlands,Europe,NLD
4380,NCT03475953,France,Europe,FRA
4381,NCT03479801,China,East Asia,CHN
4382,NCT03483337,United States,North America,USA
4383,NCT03484884,United States,North America,USA
4384,NCT03488134,Taiwan,East Asia,TWN
4389,NCT03500666,China,East Asia,CHN
4390,NCT03506048,United States,North America,USA
4393,NCT03510143,"Korea, Republic of",East Asia,KOR
4394,NCT03514251,China,East Asia,CHN
4396,NCT03516773,Israel,Middle East,ISR
4400,NCT03530033,China,East Asia,CHN
4402,NCT03547648,Turkey,Middle East,TUR
4404,NCT03555487,Taiwan,East Asia,TWN
4405,NCT03565536,China,East Asia,CHN
4406,NCT03570021,France,Europe,FRA
4407,NCT03573960,India,South Asia,IND
4408,NCT03577951,China,East Asia,CHN
4411,NCT03602495,China,East Asia,CHN
4413,NCT03612908,Mexico,North America,MEX
4415,NCT03615456,Egypt,Africa,EGY
4416,NCT03623516,France,Europe,FRA
4417,NCT03624751,Taiwan,East Asia,TWN
4420,NCT03627611,Norway,Europe,NOR
4422,NCT03630120,United States,North America,USA
4429,NCT03636945,France,Europe,FRA
4430,NCT03639662,France,Europe,FRA
4431,NCT03640247,United States,North America,USA
4434,NCT03643055,Slovenia,Europe,SVN
4435,NCT03647358,United States,North America,USA
4436,NCT03647657,Switzerland,Europe,CHE
4437,NCT03657654,United States,North America,USA
4443,NCT03676348,Norway,Europe,NOR
4446,NCT03680222,China,East Asia,CHN
4447,NCT03690388,Argentina,South America,ARG
4447,NCT03690388,Australia,Pacifica,AUS
4447,NCT03690388,Austria,Europe,AUT
4447,NCT03690388,Belgium,Europe,BEL
4447,NCT03690388,Brazil,South America,BRA
4447,NCT03690388,Canada,North America,CAN
4447,NCT03690388,Croatia,Europe,HRV
4447,NCT03690388,Czechia,Europe,CZE
4447,NCT03690388,France,Europe,FRA
4447,NCT03690388,Germany,Europe,DEU
4447,NCT03690388,Hong Kong,East Asia,HKG
4447,NCT03690388,Hungary,Europe,HUN
4447,NCT03690388,Israel,Middle East,ISR
4447,NCT03690388,Italy,Europe,ITA
4447,NCT03690388,"Korea, Republic of",East Asia,KOR
4447,NCT03690388,Mexico,North America,MEX
4447,NCT03690388,Netherlands,Europe,NLD
4447,NCT03690388,Poland,Europe,POL
4447,NCT03690388,Romania,Europe,ROU
4447,NCT03690388,Russian Federation,North Asia,RUS
4447,NCT03690388,Spain,Europe,ESP
4447,NCT03690388,Taiwan,East Asia,TWN
4447,NCT03690388,Thailand,Southest Asia,THA
4447,NCT03690388,United Kingdom,Europe,GBR
4447,NCT03690388,United States,North America,USA
4451,NCT03720210,United States,North America,USA
4452,NCT03728959,Denmark,Europe,DNK
4455,NCT03747029,Italy,Europe,ITA
4458,NCT03754621,Turkey,Middle East,TUR
4459,NCT03757637,Taiwan,East Asia,TWN
4461,NCT03765333,Spain,Europe,ESP
4465,NCT03779906,United States,North America,USA
4466,NCT03787121,France,Europe,FRA
4467,NCT03794375,Brazil,South America,BRA
4470,NCT03823859,Switzerland,Europe,CHE
4473,NCT03826680,Turkey,Middle East,TUR
4478,NCT03841617,United States,North America,USA
4479,NCT03871387,"Korea, Republic of",East Asia,KOR
4482,NCT03889769,Italy,Europe,ITA
4484,NCT03892993,United States,North America,USA
4485,NCT03899792,Australia,Pacifica,AUS
4485,NCT03899792,Canada,North America,CAN
4485,NCT03899792,Denmark,Europe,DNK
4485,NCT03899792,France,Europe,FRA
4485,NCT03899792,Germany,Europe,DEU
4485,NCT03899792,Italy,Europe,ITA
4485,NCT03899792,Japan,East Asia,JPN
4485,NCT03899792,"Korea, Republic of",East Asia,KOR
4485,NCT03899792,Spain,Europe,ESP
4485,NCT03899792,United Kingdom,Europe,GBR
4485,NCT03899792,United States,North America,USA
4487,NCT03905369,Netherlands,Europe,NLD
4490,NCT03914300,United States,North America,USA
4494,NCT03926585,Denmark,Europe,DNK
4501,NCT03942380,Denmark,Europe,DNK
4502,NCT03951532,France,Europe,FRA
4503,NCT03968510,Turkey,Middle East,TUR
4507,NCT03973450,Italy,Europe,ITA
4509,NCT03975231,United States,North America,USA
4510,NCT03977207,United States,North America,USA
4512,NCT03986437,France,Europe,FRA
4513,NCT03988517,Qatar,Middle East,QAT
4514,NCT04000880,United States,North America,USA
4516,NCT04009291,Canada,North America,CAN
4516,NCT04009291,Denmark,Europe,DNK
4516,NCT04009291,Germany,Europe,DEU
4516,NCT04009291,Italy,Europe,ITA
4516,NCT04009291,Norway,Europe,NOR
4516,NCT04009291,United States,North America,USA
4518,NCT04028479,United States,North America,USA
4520,NCT04031339,Italy,Europe,ITA
4521,NCT04040673,United Kingdom,Europe,GBR
4524,NCT04051099,Thailand,Southest Asia,THA
4525,NCT04053647,France,Europe,FRA
4526,NCT04059380,Italy,Europe,ITA
4527,NCT04061980,United States,North America,USA
4528,NCT04072731,China,East Asia,CHN
4529,NCT04076514,Egypt,Africa,EGY
4533,NCT04098991,United States,North America,USA
4534,NCT04104529,France,Europe,FRA
4535,NCT04124705,United States,North America,USA
4537,NCT04126941,France,Europe,FRA
4541,NCT04129411,United States,North America,USA
4542,NCT04133870,United Kingdom,Europe,GBR
4544,NCT04136912,United States,North America,USA
4545,NCT04137185,China,East Asia,CHN
4546,NCT04139096,France,Europe,FRA
4548,NCT04160637,Croatia,Europe,HRV
4549,NCT04161391,"Korea, Republic of",East Asia,KOR
4549,NCT04161391,United States,North America,USA
4553,NCT04197960,China,East Asia,CHN
4554,NCT04209179,Canada,North America,CAN
4554,NCT04209179,Hungary,Europe,HUN
4554,NCT04209179,United States,North America,USA
4555,NCT04211337,Australia,Pacifica,AUS
4555,NCT04211337,Belgium,Europe,BEL
4555,NCT04211337,Brazil,South America,BRA
4555,NCT04211337,Canada,North America,CAN
4555,NCT04211337,China,East Asia,CHN
4555,NCT04211337,Czechia,Europe,CZE
4555,NCT04211337,France,Europe,FRA
4555,NCT04211337,Germany,Europe,DEU
4555,NCT04211337,Greece,Europe,GRC
4555,NCT04211337,India,South Asia,IND
4555,NCT04211337,Israel,Middle East,ISR
4555,NCT04211337,Italy,Europe,ITA
4555,NCT04211337,Japan,East Asia,JPN
4555,NCT04211337,"Korea, Republic of",East Asia,KOR
4555,NCT04211337,Netherlands,Europe,NLD
4555,NCT04211337,Poland,Europe,POL
4555,NCT04211337,Russian Federation,North Asia,RUS
4555,NCT04211337,Spain,Europe,ESP
4555,NCT04211337,Taiwan,East Asia,TWN
4555,NCT04211337,United Kingdom,Europe,GBR
4555,NCT04211337,United States,North America,USA
4556,NCT04224792,United States,North America,USA
4559,NCT04238624,United States,North America,USA
4561,NCT04240821,United States,North America,USA
4563,NCT04248166,"Korea, Republic of",East Asia,KOR
4565,NCT04252001,Belgium,Europe,BEL
4565,NCT04252001,Netherlands,Europe,NLD
4565,NCT04252001,Spain,Europe,ESP
4565,NCT04252001,United Kingdom,Europe,GBR
4567,NCT04274829,Italy,Europe,ITA
4568,NCT04280081,China,East Asia,CHN
4571,NCT04285476,France,Europe,FRA
4572,NCT04290663,France,Europe,FRA
4575,NCT04304573,Croatia,Europe,HRV
4577,NCT04309136,China,East Asia,CHN
4579,NCT04312087,China,East Asia,CHN
4581,NCT04316845,Taiwan,East Asia,TWN
4582,NCT04320901,"Korea, Republic of",East Asia,KOR
4584,NCT04321954,United States,North America,USA
4585,NCT04327999,United States,North America,USA
4586,NCT04332770,"Korea, Republic of",East Asia,KOR
4587,NCT04336696,Egypt,Africa,EGY
4588,NCT04339478,Greece,Europe,GRC
4588,NCT04339478,Jordan,Middle East,JOR
4588,NCT04339478,Turkey,Middle East,TUR
4592,NCT04346901,Indonesia,Southest Asia,IDN
4595,NCT04372225,France,Europe,FRA
4596,NCT04391244,United Kingdom,Europe,GBR
4604,NCT04400474,Spain,Europe,ESP
4614,NCT04420689,United States,North America,USA
4615,NCT04420754,United States,North America,USA
4622,NCT04447183,China,East Asia,CHN
4624,NCT04459273,United States,North America,USA
4627,NCT04462471,United States,North America,USA
4632,NCT04472988,Romania,Europe,ROU
4634,NCT04481893,France,Europe,FRA
4640,NCT04495985,United States,North America,USA
4642,NCT04521348,China,East Asia,CHN
4644,NCT04522570,Brazil,South America,BRA
4645,NCT04524884,China,East Asia,CHN
4646,NCT04528225,China,East Asia,CHN
4648,NCT04544111,United States,North America,USA
4654,NCT04551170,United States,North America,USA
4657,NCT04552769,United States,North America,USA
4658,NCT04554680,Singapore,Southest Asia,SGP
4659,NCT04560426,China,East Asia,CHN
4660,NCT04563780,Egypt,Africa,EGY
4661,NCT04569513,Taiwan,East Asia,TWN
4665,NCT04574817,China,East Asia,CHN
4667,NCT04579757,United States,North America,USA
4670,NCT04589624,United States,North America,USA
4671,NCT04589884,France,Europe,FRA
4674,NCT04594720,Taiwan,East Asia,TWN
4676,NCT04600349,Romania,Europe,ROU
4679,NCT04612894,China,East Asia,CHN
4682,NCT04619316,Germany,Europe,DEU
4683,NCT04623801,United States,North America,USA
4685,NCT04624477,Canada,North America,CAN
4687,NCT04644315,United States,North America,USA
4689,NCT04648722,Austria,Europe,AUT
4690,NCT04664413,Italy,Europe,ITA
4694,NCT04675710,United States,North America,USA
4702,NCT04693377,United States,North America,USA
4703,NCT04693936,Greece,Europe,GRC
4705,NCT04701203,Canada,North America,CAN
4705,NCT04701203,Denmark,Europe,DNK
4705,NCT04701203,Germany,Europe,DEU
4705,NCT04701203,Hungary,Europe,HUN
4705,NCT04701203,Italy,Europe,ITA
4705,NCT04701203,Norway,Europe,NOR
4705,NCT04701203,United States,North America,USA
4706,NCT04704349,France,Europe,FRA
4709,NCT04706962,United States,North America,USA
4710,NCT04712760,France,Europe,FRA
4712,NCT04731467,Israel,Middle East,ISR
4712,NCT04731467,United States,North America,USA
4715,NCT04734457,Egypt,Africa,EGY
4717,NCT04739566,Russian Federation,North Asia,RUS
4719,NCT04742608,United States,North America,USA
4721,NCT04742959,United States,North America,USA
4722,NCT04745793,France,Europe,FRA
4724,NCT04747275,United States,North America,USA
4727,NCT04752202,Poland,Europe,POL
4729,NCT04754607,Turkey,Middle East,TUR
4733,NCT04759911,United States,North America,USA
4739,NCT04760288,Argentina,South America,ARG
4739,NCT04760288,Australia,Pacifica,AUS
4739,NCT04760288,Austria,Europe,AUT
4739,NCT04760288,Brazil,South America,BRA
4739,NCT04760288,Bulgaria,Europe,BGR
4739,NCT04760288,Canada,North America,CAN
4739,NCT04760288,Croatia,Europe,HRV
4739,NCT04760288,Denmark,Europe,DNK
4739,NCT04760288,France,Europe,FRA
4739,NCT04760288,Greece,Europe,GRC
4739,NCT04760288,Hungary,Europe,HUN
4739,NCT04760288,India,South Asia,IND
4739,NCT04760288,Israel,Middle East,ISR
4739,NCT04760288,Italy,Europe,ITA
4739,NCT04760288,"Korea, Republic of",East Asia,KOR
4739,NCT04760288,Netherlands,Europe,NLD
4739,NCT04760288,Philippines,Southest Asia,PHL
4739,NCT04760288,Poland,Europe,POL
4739,NCT04760288,Portugal,Europe,PRT
4739,NCT04760288,Romania,Europe,ROU
4739,NCT04760288,Spain,Europe,ESP
4739,NCT04760288,Thailand,Southest Asia,THA
4739,NCT04760288,Ukraine,Europe,UKR
4739,NCT04760288,United Kingdom,Europe,GBR
4739,NCT04760288,United States,North America,USA
4740,NCT04778865,Chile,South America,CHL
4743,NCT04784208,India,South Asia,IND
4745,NCT04787328,China,East Asia,CHN
4748,NCT04795947,China,East Asia,CHN
4750,NCT04802876,Spain,Europe,ESP
4751,NCT04806269,"Korea, Republic of",East Asia,KOR
4753,NCT04821336,France,Europe,FRA
4754,NCT04825964,Turkey,Middle East,TUR
4755,NCT04831957,Belgium,Europe,BEL
4757,NCT04853680,"Korea, Republic of",East Asia,KOR
4760,NCT04857086,China,East Asia,CHN
4761,NCT04858867,Netherlands,Europe,NLD
4762,NCT04860622,Turkey,Middle East,TUR
4763,NCT04868045,United States,North America,USA
4764,NCT04876287,France,Europe,FRA
4766,NCT04877665,Pakistan,South Asia,PAK
4767,NCT04878614,United States,North America,USA
4769,NCT04880798,China,East Asia,CHN
4770,NCT04892303,United States,North America,USA
4772,NCT04904159,Turkey,Middle East,TUR
4775,NCT04922801,United Kingdom,Europe,GBR
4782,NCT04940052,China,East Asia,CHN
4782,NCT04940052,India,South Asia,IND
4782,NCT04940052,"Korea, Republic of",East Asia,KOR
4782,NCT04940052,Malaysia,Southest Asia,MYS
4782,NCT04940052,Taiwan,East Asia,TWN
4782,NCT04940052,Turkey,Middle East,TUR
4783,NCT04946123,Italy,Europe,ITA
4785,NCT04948437,Taiwan,East Asia,TWN
4788,NCT04952012,China,East Asia,CHN
4789,NCT04952493,China,East Asia,CHN
4790,NCT04964284,China,East Asia,CHN
4793,NCT04970134,Spain,Europe,ESP
4794,NCT04971473,China,East Asia,CHN
4798,NCT05003856,United States,North America,USA
4801,NCT05014698,France,Europe,FRA
4803,NCT05015725,Hungary,Europe,HUN
4807,NCT05022667,United States,North America,USA
4811,NCT05024929,United States,North America,USA
4812,NCT05025046,China,East Asia,CHN
4814,NCT05033496,Israel,Middle East,ISR
4815,NCT05043584,Denmark,Europe,DNK
4816,NCT05049551,Monaco,Europe,MCO
4817,NCT05052359,Singapore,Southest Asia,SGP
4818,NCT05054634,Spain,Europe,ESP
4823,NCT05077865,United States,North America,USA
4824,NCT05078853,Israel,Middle East,ISR
4828,NCT05102292,China,East Asia,CHN
4829,NCT05103956,Spain,Europe,ESP
4830,NCT05114980,United States,North America,USA
4835,NCT05124938,Egypt,Africa,EGY
4837,NCT05132205,United States,North America,USA
4838,NCT05132478,United States,North America,USA
4841,NCT05152927,United States,North America,USA
4847,NCT05172921,United States,North America,USA
4848,NCT05175404,Belgium,Europe,BEL
4850,NCT05178186,Italy,Europe,ITA
4852,NCT05182931,Australia,Pacifica,AUS
4853,NCT05191927,China,East Asia,CHN
4855,NCT05218395,China,East Asia,CHN
4857,NCT05228184,United States,North America,USA
4859,NCT05240911,China,East Asia,CHN
4862,NCT05241834,United States,North America,USA
4864,NCT05247476,China,East Asia,CHN
4866,NCT05252884,Colombia,South America,COL
4870,NCT05260255,Thailand,Southest Asia,THA
4871,NCT05263141,China,East Asia,CHN
4876,NCT05275946,Japan,East Asia,JPN
4881,NCT05278364,China,East Asia,CHN
4882,NCT05294393,Greece,Europe,GRC
4885,NCT05314790,Italy,Europe,ITA
4893,NCT05346419,Mexico,North America,MEX
4897,NCT03191188,United States,North America,USA
4898,NCT03369405,United States,North America,USA
4899,NCT03414021,France,Europe,FRA
4900,NCT04279184,Denmark,Europe,DNK
4901,NCT04351945,Hungary,Europe,HUN
4902,NCT04427904,Canada,North America,CAN
4903,NCT04471597,Egypt,Africa,EGY
4904,NCT04542278,United States,North America,USA
4905,NCT04794257,Poland,Europe,POL
4906,NCT04842942,Canada,North America,CAN
4907,NCT04943146,China,East Asia,CHN
